Strain,Dye,Time,Fold_change
iFAST,LIME,-5,0.614110027
iFAST,LIME,-5,0.662315184
iFAST,LIME,-5,0.739350531
iFAST,LIME,-5,0.92518838
iFAST,LIME,-5,0.985171359
iFAST,LIME,-5,0.906727468
iFAST,LIME,-5,0.948504272
iFAST,LIME,-5,0.969542519
iFAST,LIME,-5,0.757676583
iFAST,LIME,-5,0.638999292
iFAST,LIME,-5,1.118756361
iFAST,LIME,-5,1.02967347
iFAST,LIME,-5,0.885057999
iFAST,LIME,-5,1.016816764
iFAST,LIME,-5,0.968701514
iFAST,LIME,-5,1.184148747
iFAST,LIME,-5,1.287062337
iFAST,LIME,-5,1.527024223
iFAST,LIME,-5,1.321137105
iFAST,LIME,-5,1.211645316
iFAST,LIME,-5,0.697940848
iFAST,LIME,-5,0.929391534
iFAST,LIME,-5,1.136582304
iFAST,LIME,-5,1.131577479
iFAST,LIME,-5,1.153005323
iFAST,LIME,-5,0.997361255
iFAST,LIME,-5,1.256008821
iFAST,LIME,-5,1.000522986
iFAST,LIME,2,16.96866673
iFAST,LIME,2,10.78664377
iFAST,LIME,2,8.794888196
iFAST,LIME,2,16.09334679
iFAST,LIME,2,10.3701644
iFAST,LIME,2,11.54800655
iFAST,LIME,2,22.97105542
iFAST,LIME,2,25.00484254
iFAST,LIME,2,7.023796333
iFAST,LIME,2,6.898855518
iFAST,LIME,2,3.476319329
iFAST,LIME,2,7.042946532
iFAST,LIME,2,5.347075018
iFAST,LIME,2,3.973535221
iFAST,LIME,2,4.728949143
iFAST,LIME,2,5.084681326
iFAST,LIME,2,16.25118608
iFAST,LIME,2,22.7422495
iFAST,LIME,2,8.447075325
iFAST,LIME,2,3.677297148
iFAST,LIME,2,6.880550071
iFAST,LIME,2,3.240259034
iFAST,LIME,2,7.447264103
iFAST,LIME,2,7.410252373
iFAST,LIME,2,6.690351731
iFAST,LIME,2,8.297080416
iFAST,LIME,2,7.555826852
iFAST,LIME,2,8.090623887
iFAST,LIME,2,8.212477893
iFAST,LIME,2,7.106321629
iFAST,LIME,2,4.462200579
iFAST,LIME,5,31.05038286
iFAST,LIME,5,32.35959417
iFAST,LIME,5,12.94159187
iFAST,LIME,5,23.755086
iFAST,LIME,5,25.34119601
iFAST,LIME,5,41.49635763
iFAST,LIME,5,34.74463872
iFAST,LIME,5,12.80490882
iFAST,LIME,5,11.20760539
iFAST,LIME,10,30.74250557
iFAST,LIME,10,34.36136877
iFAST,LIME,10,32.84409758
iFAST,LIME,10,23.65535475
iFAST,LIME,10,22.60670902
iFAST,LIME,10,35.02267624
iFAST,LIME,10,33.82581876
iFAST,LIME,10,41.1736513
iFAST,LIME,10,23.09025904
iFAST,LIME,10,20.58063892
iFAST,LIME,10,27.61435125
iFAST,LIME,10,28.83409007
iFAST,LIME,10,22.33565428
iFAST,LIME,10,23.49109459
iFAST,LIME,10,22.0214142
iFAST,LIME,15,5.926265525
iFAST,LIME,15,4.498526769
iFAST,LIME,15,5.438684671
iFAST,LIME,15,5.576287393
iFAST,LIME,15,6.095755277
iFAST,LIME,15,4.896755011
iFAST,LIME,15,5.949716278
iFAST,LIME,15,5.424134715
iFAST,LIME,15,4.733418272
iFAST,LIME,15,4.339625444
iFAST,LIME,15,5.949935426
iFAST,LIME,15,5.581436444
iFAST,LIME,15,19.54910924
iFAST,LIME,15,4.465884895
iFAST,LIME,15,3.612517254
iFAST,LIME,15,6.990609397
iFAST,LIME,15,5.462069866
iFAST,LIME,15,4.893902336
iFAST,LIME,15,4.270123557
iFAST,LIME,15,6.015099298
iFAST,LIME,15,5.627555009
iFAST,LIME,15,5.865314172
iFAST,LIME,15,4.896850538
iFAST,LIME,15,4.119094716
iFAST,LIME,15,5.810425925
iFAST,LIME,15,3.82160731
iFAST,LIME,20,4.003288832
iFAST,LIME,20,3.869417251
iFAST,LIME,20,23.33557976
iFAST,LIME,20,18.42124605
iFAST,LIME,20,4.058566676
iFAST,LIME,20,2.896278451
iFAST,LIME,20,5.54661807
iFAST,LIME,20,3.638176348
iFAST,LIME,20,3.237850275
iFAST,LIME,20,3.145410854
iFAST,LIME,20,23.04384641
iFAST,LIME,20,7.727283321
iFAST,LIME,20,5.857201935
iFAST,LIME,20,3.378734604
iFAST,LIME,20,3.294521678
iFAST,LIME,20,3.985202532
iFAST,LIME,20,25.55163842
iFAST,LIME,20,14.88009251
iFAST,LIME,20,24.29775365
iFAST,LIME,20,9.138932464
iFAST,LIME,20,9.408863362
iFAST,LIME,20,36.1171577
iFAST,LIME,20,4.285256035
iFAST,LIME,20,34.00038639
iFAST,LIME,20,12.67803313
iFAST,LIME,20,19.73387757
iFAST,LIME,20,14.31539015
iFAST,LIME,20,8.465903358
iFAST,LIME,20,6.618718298
iFAST,LIME,20,6.776355305
iFAST,LIME,20,5.821707386
iFAST,LIME,20,12.40924105
iFAST,LIME,20,20.5025378
iFAST,LIME,20,4.849467655
iFAST,LIME,20,32.95115626
iFAST,LIME,20,6.787533747
iFAST,LIME,20,32.14098895
iFAST,LIME,20,9.300929963
iFAST,LIME,20,17.5393067
iFAST,LIME,20,18.31402067
iFAST,LIME,20,3.9388592
iFAST,LIME,20,34.63495026
iFAST,LIME,20,32.83848776
iFAST,LIME,20,5.940999041
iFAST,LIME,20,24.79738205
iFAST,LIME,20,33.28818778
iFAST,LIME,20,4.694902472
iFAST,LIME,20,4.262563873
iFAST,LIME,20,4.540331669
iFAST,LIME,20,16.52192802
iFAST,LIME,20,5.632237667
iFAST,LIME,20,5.52331529
iFAST,LIME,20,5.337267658
iFAST,LIME,20,34.73982121
iFAST,LIME,20,41.39114392
iFAST,LIME,20,5.588198203
iFAST,LIME,20,8.174464073
iFAST,LIME,20,7.340980872
iFAST,LIME,20,25.34756255
iFAST,LIME,20,26.62687977
iFAST,LIME,20,4.053455086
iFAST,LIME,20,3.718940965
iFAST,LIME,25,6.947562656
iFAST,LIME,25,2.068187799
iFAST,LIME,25,14.8592322
iFAST,LIME,25,2.556877507
iFAST,LIME,25,2.281746985
iFAST,LIME,25,2.059616662
iFAST,LIME,25,2.395868986
iFAST,LIME,25,2.530250039
iFAST,LIME,25,3.191411416
iFAST,LIME,25,4.437927552
iFAST,LIME,25,8.199518168
iFAST,LIME,25,2.841448269
iFAST,LIME,25,2.782274453
iFAST,LIME,25,3.356079903
iFAST,LIME,25,2.944575388
iFAST,LIME,25,2.631638956
iFAST,LIME,25,1.890939819
iFAST,LIME,25,2.532321647
iFAST,LIME,25,2.237096902
iFAST,LIME,25,2.587749337
iFAST,LIME,25,3.529180921
iFAST,LIME,25,2.612548695
iFAST,LIME,25,8.821588714
iFAST,LIME,25,3.169745693
iFAST,LIME,25,3.418743236
iFAST,LIME,25,2.860675263
iFAST,LIME,25,23.84541261
iFAST,LIME,25,3.260401957
iFAST,LIME,25,10.88839981
iFAST,LIME,25,3.327742329
iFAST,LIME,25,2.745459394
iFAST,LIME,25,3.336163621
iFAST,LIME,25,3.251516144
iFAST,LIME,25,8.215014021
iFAST,LIME,25,2.796451669
iFAST,LIME,25,3.107724821
iFAST,LIME,25,16.63151159
iFAST,LIME,25,15.05034647
iFAST,LIME,25,2.239361435
iFAST,LIME,25,2.012421086
iFAST,LIME,25,3.666066261
iFAST,LIME,25,2.806525003
iFAST,LIME,25,2.798313494
iFAST,LIME,25,2.242927748
iFAST,LIME,25,3.687598996
iFAST,LIME,25,2.347264866
iFAST,LIME,25,3.225371927
iFAST,LIME,25,3.122832949
iFAST,LIME,25,2.748340165
iFAST,LIME,25,2.703386646
iFAST,LIME,25,19.23568769
iFAST,LIME,25,2.44187704
iFAST,LIME,25,2.29992881
SN152,LIME,-5,1.476705489
SN152,LIME,-5,1.635707796
SN152,LIME,-5,2.351046279
SN152,LIME,-5,1.99399514
SN152,LIME,-5,0.496695681
SN152,LIME,-5,0.739503915
SN152,LIME,-5,0.437782097
SN152,LIME,-5,0.508004397
SN152,LIME,-5,0.645820234
SN152,LIME,-5,0.577726547
SN152,LIME,-5,0.546996976
SN152,LIME,-5,0.59001545
SN152,LIME,2,12.26018642
SN152,LIME,2,14.11336756
SN152,LIME,2,12.80361194
SN152,LIME,2,8.64694184
SN152,LIME,2,2.585784434
SN152,LIME,2,13.75030456
SN152,LIME,2,16.26929551
SN152,LIME,2,3.702049278
SN152,LIME,2,4.287366783
SN152,LIME,2,3.970481337
SN152,LIME,2,4.505889804
SN152,LIME,2,12.22279122
SN152,LIME,2,4.170663354
SN152,LIME,2,3.693956341
SN152,LIME,2,3.828797788
SN152,LIME,2,13.76538681
SN152,LIME,2,14.83675967
SN152,LIME,2,15.80015843
SN152,LIME,2,16.53193332
SN152,LIME,2,3.380210783
SN152,LIME,5,2.231980162
SN152,LIME,5,2.040887727
SN152,LIME,5,2.702637817
SN152,LIME,5,2.976753493
SN152,LIME,5,2.534199388
SN152,LIME,5,2.449449849
SN152,LIME,5,2.549099682
SN152,LIME,5,3.178189088
SN152,LIME,5,2.520959558
SN152,LIME,5,2.017319367
SN152,LIME,5,1.475386078
SN152,LIME,5,1.603600295
SN152,LIME,5,1.746774239
SN152,LIME,5,2.128161794
SN152,LIME,5,2.24876128
SN152,LIME,5,2.133538189
SN152,LIME,5,2.214937539
SN152,LIME,5,2.189174733
SN152,LIME,5,2.020085285
SN152,LIME,5,3.227592488
SN152,LIME,5,4.011244102
SN152,LIME,5,3.137832295
SN152,LIME,5,2.734507586
SN152,LIME,5,3.40186083
SN152,LIME,10,2.098471842
SN152,LIME,10,1.88824383
SN152,LIME,10,1.808483
SN152,LIME,10,1.915411082
SN152,LIME,10,1.726235131
SN152,LIME,10,1.788681774
SN152,LIME,10,2.106913148
SN152,LIME,10,2.155417739
SN152,LIME,10,1.917583585
SN152,LIME,10,1.363456485
SN152,LIME,10,1.908754593
SN152,LIME,10,2.190767535
SN152,LIME,10,3.117862828
SN152,LIME,10,2.492591761
SN152,LIME,10,2.800289789
SN152,LIME,10,2.2323011
SN152,LIME,10,2.367340047
SN152,LIME,10,2.442295038
SN152,LIME,10,2.475109334
SN152,LIME,10,2.348570211
SN152,LIME,10,1.797325152
SN152,LIME,10,1.919899641
SN152,LIME,10,2.728919061
SN152,LIME,10,1.822612495
SN152,LIME,10,1.581611023
SN152,LIME,10,2.065457303
SN152,LIME,10,2.432251786
SN152,LIME,10,2.416876028
SN152,LIME,15,2.499385402
SN152,LIME,15,3.053717317
SN152,LIME,15,2.578261139
SN152,LIME,15,2.2412453
SN152,LIME,15,2.260578377
SN152,LIME,15,2.237565944
SN152,LIME,15,2.540838504
SN152,LIME,15,2.58111392
SN152,LIME,15,1.631144261
SN152,LIME,15,8.291429557
SN152,LIME,15,14.6846653
SN152,LIME,15,2.370358326
SN152,LIME,15,2.010666536
SN152,LIME,15,8.857472503
SN152,LIME,15,2.540925368
SN152,LIME,15,2.568195028
SN152,LIME,15,2.885724178
SN152,LIME,15,2.804659481
SN152,LIME,15,2.773154539
SN152,LIME,15,2.510523135
SN152,LIME,15,2.413294508
SN152,LIME,15,3.929372032
SN152,LIME,15,3.619816038
SN152,LIME,15,2.990046355
SN152,LIME,15,2.429350544
SN152,LIME,20,1.771129857
SN152,LIME,20,1.578289179
SN152,LIME,20,1.378806641
SN152,LIME,20,1.825391213
SN152,LIME,20,1.146370827
SN152,LIME,20,1.675247157
SN152,LIME,20,1.551392575
SN152,LIME,20,1.334544648
SN152,LIME,20,1.09811494
SN152,LIME,20,1.338055763
SN152,LIME,20,1.43360198
SN152,LIME,20,1.561143234
SN152,LIME,20,2.217304799
SN152,LIME,20,1.360007546
SN152,LIME,20,2.527972645
SN152,LIME,20,1.757590119
SN152,LIME,20,1.46439007
SN152,LIME,20,2.358817364
SN152,LIME,20,1.927352531
SN152,LIME,20,2.327627873
SN152,LIME,20,1.624095515
SN152,LIME,20,2.117780232
SN152,LIME,20,1.839400014
SN152,LIME,20,2.257698165
SN152,LIME,20,1.740891293
SN152,LIME,20,2.008430943
SN152,LIME,20,2.88288877
SN152,LIME,20,1.657004903
SN152,LIME,20,1.982141469
SN152,LIME,20,2.515845583
SN152,LIME,20,3.20352672
SN152,LIME,20,1.915386395
SN152,LIME,20,2.738282035
SN152,LIME,20,2.205141162
SN152,LIME,20,1.69247448
SN152,LIME,20,5.179918738
SN152,LIME,20,3.278569489
SN152,LIME,20,2.003522697
SN152,LIME,20,2.056723404
SN152,LIME,20,1.473673495
SN152,LIME,20,1.976750445
SN152,LIME,20,2.740491111
SN152,LIME,20,2.008299276
SN152,LIME,25,0.888598294
SN152,LIME,25,0.69022761
SN152,LIME,25,0.939355851
SN152,LIME,25,0.939706962
SN152,LIME,25,0.697893544
SN152,LIME,25,0.706327535
SN152,LIME,25,0.775832983
SN152,LIME,25,0.730466451
SN152,LIME,25,0.845060468
SN152,LIME,25,0.696971877
SN152,LIME,25,0.700241603
SN152,LIME,25,0.662467857
SN152,LIME,25,1.729150088
SN152,LIME,25,4.757538001
SN152,LIME,25,2.263073646
SN152,LIME,25,5.465634809
SN152,LIME,25,4.68651107
SN152,LIME,25,2.223017675
SN152,LIME,25,2.656135658
SN152,LIME,25,3.326071035
SN152,LIME,25,14.86201501
SN152,LIME,25,3.569961862
SN152,LIME,25,2.118423022
SN152,LIME,25,1.420237799
SN152,LIME,25,1.684580871
SN152,LIME,25,1.562079531
SN152,LIME,25,2.20071478
SN152,LIME,25,1.213089327
SN152,LIME,25,1.537465152
SN152,LIME,25,1.64890648
SN152,LIME,25,1.539732747
SN152,LIME,25,1.533880888
SN152,LIME,25,1.571691208
SN152,LIME,25,1.327807696
SN152,LIME,25,0.852214365
SN152,LIME,25,0.821279978
SN152,LIME,25,0.705566794
SN152,LIME,25,0.946729192
SN152,LIME,25,1.397651454
SN152,LIME,25,1.050007178
SN152,LIME,25,0.933474733
SN152,LIME,25,0.830628322
SN152,LIME,25,0.903505903
SN152,LIME,25,0.836187587
SN152,LIME,25,1.202777255
SN152,LIME,25,1.219835423
SN152,LIME,25,1.021296498
SN152,LIME,25,0.830226007
SN152,AMBER,-5,0.896146439
SN152,AMBER,-5,0.888351979
SN152,AMBER,-5,1.315315201
SN152,AMBER,-5,1.512774866
SN152,AMBER,-5,1.850534819
SN152,AMBER,-5,1.311850997
SN152,AMBER,-5,1.513640917
SN152,AMBER,-5,1.458213643
SN152,AMBER,-5,2.004691926
SN152,AMBER,-5,1.258155825
SN152,AMBER,-5,1.443490773
SN152,AMBER,-5,1.17241676
SN152,AMBER,-5,1.498918048
SN152,AMBER,-5,1.153363634
SN152,AMBER,-5,1.442624722
SN152,AMBER,-5,1.292797871
SN152,AMBER,-5,1.49285569
SN152,AMBER,-5,1.19493409
SN152,AMBER,-5,0.902208797
SN152,AMBER,-5,1.12045369
SN152,AMBER,-5,0.862370444
SN152,AMBER,-5,0.825996295
SN152,AMBER,-5,0.848513625
SN152,AMBER,-5,0.734194872
SN152,AMBER,-5,0.936850844
SN152,AMBER,-5,0.70301703
SN152,AMBER,-5,0.764506663
SN152,AMBER,-5,0.683097854
SN152,AMBER,-5,0.817071157
SN152,AMBER,-5,1.467475579
SN152,AMBER,-5,0.921863347
SN152,AMBER,-5,1.325443189
SN152,AMBER,-5,0.85690951
SN152,AMBER,-5,0.811008799
SN152,AMBER,-5,0.811008799
SN152,AMBER,-5,0.727001836
SN152,AMBER,-5,0.876828687
SN152,AMBER,-5,0.81187485
SN152,AMBER,-5,0.810142748
SN152,AMBER,-5,1.927348746
SN152,AMBER,-5,0.877694738
SN152,AMBER,-5,0.921863347
SN152,AMBER,-5,0.777232803
SN152,AMBER,-5,0.739992603
SN152,AMBER,-5,0.739126552
SN152,AMBER,-5,0.83757973
SN152,AMBER,-5,0.779554302
SN152,AMBER,-5,0.665235548
SN152,AMBER,-5,0.595951455
SN152,AMBER,-5,0.83757973
SN152,AMBER,-5,0.732787539
SN152,AMBER,-5,0.714600465
SN152,AMBER,-5,0.690351032
SN152,AMBER,-5,0.669565804
SN152,AMBER,-5,0.595085404
SN152,AMBER,-5,0.59941566
SN152,AMBER,-5,0.671297907
SN152,AMBER,-5,0.646182423
SN152,AMBER,-5,0.662637395
SN152,AMBER,2,10.96637283
SN152,AMBER,2,10.12890136
SN152,AMBER,2,8.848877742
SN152,AMBER,2,4.532478753
SN152,AMBER,2,7.546336795
SN152,AMBER,2,5.031324222
SN152,AMBER,2,5.441832473
SN152,AMBER,2,4.462653379
SN152,AMBER,2,5.294928545
SN152,AMBER,2,5.067157089
SN152,AMBER,2,14.83794629
SN152,AMBER,2,6.711788245
SN152,AMBER,2,5.171083229
SN152,AMBER,2,4.600355513
SN152,AMBER,2,6.662423329
SN152,AMBER,2,4.991810638
SN152,AMBER,2,3.891925663
SN152,AMBER,2,3.864212026
SN152,AMBER,2,9.681585934
SN152,AMBER,2,8.960165316
SN152,AMBER,2,9.930142617
SN152,AMBER,2,7.625580476
SN152,AMBER,2,6.253755437
SN152,AMBER,2,8.332278224
SN152,AMBER,2,10.22893027
SN152,AMBER,2,10.33285641
SN152,AMBER,2,7.74769369
SN152,AMBER,5,14.16913828
SN152,AMBER,5,17.00025953
SN152,AMBER,5,12.7271631
SN152,AMBER,5,15.62930054
SN152,AMBER,5,16.42000525
SN152,AMBER,5,14.82040876
SN152,AMBER,5,16.89373524
SN152,AMBER,5,14.37872266
SN152,AMBER,5,19.93812158
SN152,AMBER,5,20.89857232
SN152,AMBER,5,15.98459803
SN152,AMBER,5,14.83794629
SN152,AMBER,5,12.24845332
SN152,AMBER,5,13.82293433
SN152,AMBER,5,16.75624962
SN152,AMBER,5,12.73690617
SN152,AMBER,5,9.053590585
SN152,AMBER,5,29.91762912
SN152,AMBER,10,2.882867804
SN152,AMBER,10,2.91750985
SN152,AMBER,10,2.871609139
SN152,AMBER,10,2.588410409
SN152,AMBER,10,2.575419641
SN152,AMBER,10,2.548572055
SN152,AMBER,10,2.144126163
SN152,AMBER,10,2.734773055
SN152,AMBER,10,3.131424487
SN152,AMBER,10,2.937429027
SN152,AMBER,10,3.891817407
SN152,AMBER,10,2.871609139
SN152,AMBER,10,2.852014731
SN152,AMBER,10,3.37337753
SN152,AMBER,10,2.987984763
SN152,AMBER,10,3.839313055
SN152,AMBER,10,2.310732755
SN152,AMBER,10,2.832095554
SN152,AMBER,10,3.175917865
SN152,AMBER,10,2.436310174
SN152,AMBER,10,2.755883052
SN152,AMBER,10,3.583827962
SN152,AMBER,10,3.332673126
SN152,AMBER,10,3.266853237
SN152,AMBER,10,3.646183646
SN152,AMBER,10,2.471060476
SN152,AMBER,10,2.288323681
SN152,AMBER,10,3.151776689
SN152,AMBER,10,2.55593349
SN152,AMBER,10,2.051891714
SN152,AMBER,10,2.432088174
SN152,AMBER,10,2.289189732
SN152,AMBER,10,1.893404352
SN152,AMBER,10,2.212111179
SN152,AMBER,10,1.945367421
SN152,AMBER,10,1.932376654
SN152,AMBER,15,5.123125646
SN152,AMBER,15,5.219257324
SN152,AMBER,15,3.59800955
SN152,AMBER,15,4.009383852
SN152,AMBER,15,3.636115801
SN152,AMBER,15,3.251589086
SN152,AMBER,15,4.689234014
SN152,AMBER,15,4.820007739
SN152,AMBER,15,3.43345983
SN152,AMBER,15,1.797489186
SN152,AMBER,15,2.781323305
SN152,AMBER,15,7.439379477
SN152,AMBER,15,3.625290162
SN152,AMBER,15,7.604795249
SN152,AMBER,15,5.365186945
SN152,AMBER,15,3.428913061
SN152,AMBER,15,4.316615501
SN152,AMBER,15,4.605010538
SN152,AMBER,15,4.682955143
SN152,AMBER,15,5.081338677
SN152,AMBER,15,2.806222276
SN152,AMBER,15,4.122620041
SN152,AMBER,15,2.613958918
SN152,AMBER,20,3.060841317
SN152,AMBER,20,2.20518277
SN152,AMBER,20,3.027931373
SN152,AMBER,20,2.258011891
SN152,AMBER,20,2.668520141
SN152,AMBER,20,2.264074249
SN152,AMBER,20,2.387053514
SN152,AMBER,20,2.147157342
SN152,AMBER,20,2.800159918
SN152,AMBER,20,1.654157718
SN152,AMBER,20,1.587471779
SN152,AMBER,20,1.553695784
SN152,AMBER,20,2.536663852
SN152,AMBER,20,1.993649774
SN152,AMBER,20,1.521651891
SN152,AMBER,20,1.66281823
SN152,AMBER,20,1.829100053
SN152,AMBER,20,1.64809536
SN152,AMBER,20,1.750289397
SN152,AMBER,20,1.545901323
SN152,AMBER,20,1.5658205
SN152,AMBER,20,1.414261547
SN152,AMBER,20,1.32765643
SN152,AMBER,20,1.44630544
SN152,AMBER,20,1.816109286
SN152,AMBER,20,1.994515825
SN152,AMBER,20,1.925231732
SN152,AMBER,20,1.790127751
SN152,AMBER,20,1.730370221
SN152,AMBER,20,1.902714402
SN152,AMBER,20,1.844688974
SN152,AMBER,20,2.425809303
SN152,AMBER,20,2.553118824
SN152,AMBER,20,2.118361141
SN152,AMBER,20,1.556943475
SN152,AMBER,20,1.750938936
SN152,AMBER,20,1.311850997
SN152,AMBER,20,1.262486081
SN152,AMBER,20,1.230442188
SN152,AMBER,20,1.375072732
SN152,AMBER,20,1.570800294
SN152,AMBER,20,1.73188581
SN152,AMBER,20,1.697243764
SN152,AMBER,20,1.844472461
SN152,AMBER,20,1.498051997
SN152,AMBER,20,1.207058806
SN152,AMBER,20,1.336100429
SN152,AMBER,20,1.516239071
SN152,AMBER,20,1.242566904
SN152,AMBER,25,2.213518512
SN152,AMBER,25,2.291463117
SN152,AMBER,25,2.240366098
SN152,AMBER,25,2.151162829
SN152,AMBER,25,2.345158289
SN152,AMBER,25,3.163576636
SN152,AMBER,25,2.418772638
SN152,AMBER,25,2.26374948
SN152,AMBER,25,3.298680618
SN152,AMBER,25,2.527029033
SN152,AMBER,25,2.602375484
SN152,AMBER,25,2.5400198
SN152,AMBER,25,1.997871773
SN152,AMBER,25,1.990943364
SN152,AMBER,25,2.161555443
SN152,AMBER,25,2.354684852
SN152,AMBER,25,1.612479006
SN152,AMBER,25,1.613236801
SN152,AMBER,25,1.738814219
SN152,AMBER,25,1.592451573
SN152,AMBER,25,1.502382252
SN152,AMBER,25,1.666931973
SN152,AMBER,25,1.601978136
SN152,AMBER,25,1.708502429
SN152,AMBER,25,2.047128433
SN152,AMBER,25,1.917220759
SN152,AMBER,25,1.703306122
SN152,AMBER,25,1.449553131
SN152,AMBER,25,2.047128433
SN152,AMBER,25,1.614102852
iFAST,AMBER,-5,0.975571681
iFAST,AMBER,-5,0.940310054
iFAST,AMBER,-5,0.923560782
iFAST,AMBER,-5,0.891825317
iFAST,AMBER,-5,0.946480839
iFAST,AMBER,-5,0.831880551
iFAST,AMBER,-5,0.945599298
iFAST,AMBER,-5,0.918271537
iFAST,AMBER,-5,1.089253698
iFAST,AMBER,-5,1.210906311
iFAST,AMBER,-5,0.989639601
iFAST,AMBER,-5,1.387214446
iFAST,AMBER,-5,0.972008788
iFAST,AMBER,-5,1.200327823
iFAST,AMBER,-5,1.088372157
iFAST,AMBER,-5,1.684293654
iFAST,AMBER,-5,1.195038579
iFAST,AMBER,-5,1.111292215
iFAST,AMBER,-5,0.706775237
iFAST,AMBER,-5,0.623910413
iFAST,AMBER,-5,0.719998347
iFAST,AMBER,-5,0.722642969
iFAST,AMBER,-5,0.809915496
iFAST,AMBER,-5,0.758786137
iFAST,AMBER,-5,1.066443833
iFAST,AMBER,-5,0.817849362
iFAST,AMBER,-5,0.947435842
iFAST,AMBER,-5,0.653001256
iFAST,AMBER,-5,2.083741773
iFAST,AMBER,-5,1.173110255
iFAST,AMBER,-5,0.782587735
iFAST,AMBER,-5,0.831954013
iFAST,AMBER,2,12.11104658
iFAST,AMBER,2,11.66851316
iFAST,AMBER,2,14.41980161
iFAST,AMBER,2,10.624769
iFAST,AMBER,2,9.730005211
iFAST,AMBER,2,11.32471229
iFAST,AMBER,2,10.96768832
iFAST,AMBER,2,10.54631188
iFAST,AMBER,2,16.86354255
iFAST,AMBER,2,17.92403599
iFAST,AMBER,2,12.64096272
iFAST,AMBER,2,13.32680136
iFAST,AMBER,2,14.04437547
iFAST,AMBER,2,14.66233549
iFAST,AMBER,2,14.84128824
iFAST,AMBER,2,15.36844957
iFAST,AMBER,2,11.21991915
iFAST,AMBER,2,10.66366698
iFAST,AMBER,2,9.311163198
iFAST,AMBER,2,11.09980923
iFAST,AMBER,2,11.03369368
iFAST,AMBER,2,8.851880505
iFAST,AMBER,2,9.272375408
iFAST,AMBER,2,7.379707576
iFAST,AMBER,2,10.25881942
iFAST,AMBER,5,7.662020978
iFAST,AMBER,5,6.81662347
iFAST,AMBER,5,6.813097307
iFAST,AMBER,5,7.086374916
iFAST,AMBER,5,8.897059465
iFAST,AMBER,5,7.688467198
iFAST,AMBER,5,7.346429416
iFAST,AMBER,5,5.650785926
iFAST,AMBER,5,6.278442887
iFAST,AMBER,5,7.531993728
iFAST,AMBER,5,6.063346962
iFAST,AMBER,5,5.981363679
iFAST,AMBER,5,7.973645607
iFAST,AMBER,5,6.744777905
iFAST,AMBER,5,7.673921777
iFAST,AMBER,5,7.421801144
iFAST,AMBER,5,7.583123087
iFAST,AMBER,5,8.507859257
iFAST,AMBER,5,5.357894036
iFAST,AMBER,5,4.610347543
iFAST,AMBER,5,5.157784303
iFAST,AMBER,5,5.95028937
iFAST,AMBER,5,6.212988492
iFAST,AMBER,5,5.957341696
iFAST,AMBER,5,5.831281379
iFAST,AMBER,5,6.38048122
iFAST,AMBER,5,6.284393287
iFAST,AMBER,5,7.301691227
iFAST,AMBER,5,4.990291574
iFAST,AMBER,5,6.219159276
iFAST,AMBER,10,5.911832158
iFAST,AMBER,10,8.150063935
iFAST,AMBER,10,11.0988175
iFAST,AMBER,10,6.440756564
iFAST,AMBER,10,6.123401921
iFAST,AMBER,10,6.451335052
iFAST,AMBER,10,8.514140234
iFAST,AMBER,10,6.958220941
iFAST,AMBER,10,7.433371365
iFAST,AMBER,10,10.93749555
iFAST,AMBER,10,7.214749277
iFAST,AMBER,10,5.764614865
iFAST,AMBER,10,4.817840179
iFAST,AMBER,10,4.633598178
iFAST,AMBER,10,9.020254774
iFAST,AMBER,10,18.8926288
iFAST,AMBER,10,26.4236308
iFAST,AMBER,10,23.64589613
iFAST,AMBER,10,19.73714477
iFAST,AMBER,10,15.84426115
iFAST,AMBER,10,43.32981788
iFAST,AMBER,10,38.05203386
iFAST,AMBER,10,24.92413011
iFAST,AMBER,10,9.951712691
iFAST,AMBER,10,12.74090739
iFAST,AMBER,10,17.0798506
iFAST,AMBER,10,11.41947792
iFAST,AMBER,10,16.16569292
iFAST,AMBER,10,17.6845875
iFAST,AMBER,15,4.828859438
iFAST,AMBER,15,5.023679927
iFAST,AMBER,15,4.53178023
iFAST,AMBER,15,4.743349992
iFAST,AMBER,15,4.093654514
iFAST,AMBER,15,4.42775843
iFAST,AMBER,15,4.243516429
iFAST,AMBER,15,4.757124065
iFAST,AMBER,15,4.958115339
iFAST,AMBER,15,8.583010599
iFAST,AMBER,15,7.104666886
iFAST,AMBER,15,4.973101531
iFAST,AMBER,15,4.667206916
iFAST,AMBER,15,4.29343367
iFAST,AMBER,15,4.409797039
iFAST,AMBER,15,4.244948933
iFAST,AMBER,15,3.917897342
iFAST,AMBER,15,5.745331163
iFAST,AMBER,15,5.31073161
iFAST,AMBER,15,4.791504152
iFAST,AMBER,15,5.665992502
iFAST,AMBER,15,7.633591291
iFAST,AMBER,15,5.336296289
iFAST,AMBER,15,4.664562294
iFAST,AMBER,20,10.47711093
iFAST,AMBER,20,7.910064486
iFAST,AMBER,20,8.766922023
iFAST,AMBER,20,9.242953988
iFAST,AMBER,20,10.933749
iFAST,AMBER,20,8.605600079
iFAST,AMBER,20,14.36734994
iFAST,AMBER,20,12.678318
iFAST,AMBER,20,8.58091694
iFAST,AMBER,20,6.645053616
iFAST,AMBER,20,8.584443103
iFAST,AMBER,20,11.7198629
iFAST,AMBER,20,20.42948478
iFAST,AMBER,20,24.25184515
iFAST,AMBER,20,13.47765501
iFAST,AMBER,20,12.9963338
iFAST,AMBER,20,13.05539703
iFAST,AMBER,20,18.05725882
iFAST,AMBER,20,13.16823423
iFAST,AMBER,20,13.82762666
iFAST,AMBER,20,15.13847764
iFAST,AMBER,20,7.081857021
iFAST,AMBER,20,8.24196455
iFAST,AMBER,20,10.62829516
iFAST,AMBER,20,4.781917397
iFAST,AMBER,20,4.40726261
iFAST,AMBER,20,4.281202293
iFAST,AMBER,20,5.629077987
iFAST,AMBER,20,4.052883258
iFAST,AMBER,20,6.100702248
iFAST,AMBER,20,13.98784668
iFAST,AMBER,20,11.63765923
iFAST,AMBER,20,9.41529519
iFAST,AMBER,20,8.963064823
iFAST,AMBER,20,8.890778488
iFAST,AMBER,20,4.840980622
iFAST,AMBER,20,7.748301772
iFAST,AMBER,20,11.07611782
iFAST,AMBER,20,7.399211664
iFAST,AMBER,20,6.151831607
iFAST,AMBER,20,11.72933946
iFAST,AMBER,20,6.612877381
iFAST,AMBER,20,5.783347605
iFAST,AMBER,20,12.59677549
iFAST,AMBER,20,9.031824996
iFAST,AMBER,20,5.668306547
iFAST,AMBER,20,5.261916295
iFAST,AMBER,20,10.08658841
iFAST,AMBER,20,5.967148836
iFAST,AMBER,20,8.962624053
iFAST,AMBER,20,5.095305107
iFAST,AMBER,20,5.743237504
iFAST,AMBER,20,6.825769454
iFAST,AMBER,20,6.117892291
iFAST,AMBER,20,5.742355963
iFAST,AMBER,20,9.347857328
iFAST,AMBER,20,8.783671296
iFAST,AMBER,25,4.017511438
iFAST,AMBER,25,3.26291262
iFAST,AMBER,25,3.906437313
iFAST,AMBER,25,4.39745547
iFAST,AMBER,25,3.533545607
iFAST,AMBER,25,3.632278163
iFAST,AMBER,25,3.27613573
iFAST,AMBER,25,3.53795331
iFAST,AMBER,25,4.349852273
iFAST,AMBER,25,3.840321762
iFAST,AMBER,25,2.728588777
iFAST,AMBER,25,2.167047367
iFAST,AMBER,25,6.961747103
iFAST,AMBER,25,1.961648389
iFAST,AMBER,25,2.167047367
iFAST,AMBER,25,2.076248677
iFAST,AMBER,25,2.441206517
iFAST,AMBER,25,2.005725423
iFAST,AMBER,25,3.454978294
iFAST,AMBER,25,2.455311168
iFAST,AMBER,25,3.237237747
iFAST,AMBER,25,3.586327855
iFAST,AMBER,25,4.121423045
iFAST,AMBER,25,3.243408532
iFAST,AMBER,25,2.256082975
iFAST,AMBER,25,7.546208572
iFAST,AMBER,25,6.427533454
iFAST,AMBER,25,2.916356941
iFAST,AMBER,25,6.890342309
iFAST,AMBER,25,1.995146935
iFAST,AMBER,25,2.167928907
iFAST,AMBER,25,2.397129483
iFAST,AMBER,25,1.957240686
iFAST,AMBER,25,2.365394019
iFAST,AMBER,25,2.317790822
iFAST,AMBER,25,5.880978235
iFAST,AMBER,25,3.85343468
iFAST,AMBER,25,10.17176728
iFAST,AMBER,25,4.850787762
iFAST,AMBER,25,7.512159063
iFAST,AMBER,25,6.537175075
iFAST,AMBER,25,4.956572643
iFAST,AMBER,25,3.746217295
iFAST,AMBER,25,4.579273234
iFAST,AMBER,25,3.513490557
iFAST,AMBER,25,3.55668605
iFAST,AMBER,25,3.98775944
iFAST,AMBER,25,6.406707055
iFAST,AMBER,25,3.404179513
iFAST,AMBER,25,9.188849429
iFAST,AMBER,25,2.988973855
iFAST,AMBER,25,9.974302171
iFAST,AMBER,25,3.095640276
iFAST,AMBER,25,5.68296216
iFAST,AMBER,25,1.815643215
iFAST,AMBER,25,3.495859743
iFAST,AMBER,25,15.39048808
iFAST,AMBER,25,4.671835005
iFAST,AMBER,25,5.757893118
iFAST,AMBER,25,5.404395307
iFAST,AMBER,25,3.408917794
iFAST,AMBER,25,4.56461762
iFAST,AMBER,25,4.818501335
iFAST,AMBER,25,6.670618295
iFAST,AMBER,25,2.004623497
iFAST,AMBER,25,2.774208507
iFAST,AMBER,25,2.144788465
iFAST,AMBER,25,2.109526838
iFAST,AMBER,25,2.000215794
iFAST,AMBER,25,2.609360401
iFAST,AMBER,25,3.202637276
iFAST,AMBER,25,2.457735405
iFAST,AMBER,25,2.269967241
iFAST,AMBER,25,2.951398183
iFAST,AMBER,25,2.597900372
iFAST,AMBER,25,6.40351147
SN152,CORAL,-5,0.346320763
SN152,CORAL,-5,0.501248315
SN152,CORAL,-5,1.05807467
SN152,CORAL,-5,1.080515076
SN152,CORAL,-5,1.035634263
SN152,CORAL,-5,1.072020685
SN152,CORAL,-5,0.963114984
SN152,CORAL,-5,0.822006666
SN152,CORAL,-5,1.102575137
SN152,CORAL,-5,1.113985513
SN152,CORAL,-5,1.004826248
SN152,CORAL,-5,1.012686729
SN152,CORAL,-5,1.225426853
SN152,CORAL,-5,0.586952918
SN152,CORAL,-5,0.49411683
SN152,CORAL,-5,0.5919925
SN152,CORAL,-5,0.659060156
SN152,CORAL,-5,0.675415028
SN152,CORAL,-5,0.767585511
SN152,CORAL,-5,0.704194532
SN152,CORAL,-5,0.833131783
SN152,CORAL,-5,0.744764759
SN152,CORAL,-5,2.966238209
SN152,CORAL,-5,2.424625688
SN152,CORAL,-5,0.754653751
SN152,CORAL,-5,1.05322526
SN152,CORAL,-5,1.031038417
SN152,CORAL,-5,1.402636333
SN152,CORAL,-5,3.835455306
SN152,CORAL,-5,2.444657238
SN152,CORAL,-5,0.727459021
SN152,CORAL,-5,0.482896626
SN152,CORAL,-5,0.871102979
SN152,CORAL,-5,0.699313427
SN152,CORAL,-5,0.602578794
SN152,CORAL,-5,0.478839604
SN152,CORAL,-5,0.520804432
SN152,CORAL,-5,0.391486835
SN152,CORAL,-5,0.725557292
SN152,CORAL,-5,0.428380385
SN152,CORAL,-5,0.565304898
SN152,CORAL,-5,0.993827913
SN152,CORAL,-5,1.129864953
SN152,CORAL,-5,1.004731161
SN152,CORAL,-5,0.892782693
SN152,CORAL,-5,0.861974678
SN152,CORAL,-5,1.016268319
SN152,CORAL,-5,0.932211882
SN152,CORAL,-5,1.06229017
SN152,CORAL,-5,1.502477124
SN152,CORAL,-5,0.80961373
SN152,CORAL,-5,0.992052966
SN152,CORAL,2,20.32330618
SN152,CORAL,2,18.16928073
SN152,CORAL,2,17.11825831
SN152,CORAL,2,12.5052968
SN152,CORAL,2,16.45810466
SN152,CORAL,2,14.82223707
SN152,CORAL,2,19.86372159
SN152,CORAL,2,17.00808479
SN152,CORAL,2,13.16342194
SN152,CORAL,2,14.84683277
SN152,CORAL,2,13.89346415
SN152,CORAL,2,269.9629699
SN152,CORAL,2,305.3451517
SN152,CORAL,2,122.9666442
SN152,CORAL,2,282.9407514
SN152,CORAL,2,19.80822279
SN152,CORAL,2,20.21468574
SN152,CORAL,2,21.02672417
SN152,CORAL,2,12.80351966
SN152,CORAL,2,14.22842208
SN152,CORAL,2,12.40553525
SN152,CORAL,2,18.25335302
SN152,CORAL,2,19.47793994
SN152,CORAL,2,14.68177851
SN152,CORAL,2,11.73828181
SN152,CORAL,2,20.12161194
SN152,CORAL,2,15.29337467
SN152,CORAL,2,14.52361802
SN152,CORAL,2,14.09889846
SN152,CORAL,2,16.38401645
SN152,CORAL,2,13.91683957
SN152,CORAL,2,14.82789471
SN152,CORAL,2,14.30124246
SN152,CORAL,2,12.01599769
SN152,CORAL,2,14.31125824
SN152,CORAL,2,16.17241737
SN152,CORAL,2,16.56886455
SN152,CORAL,2,11.74544499
SN152,CORAL,5,20.32330618
SN152,CORAL,5,18.16928073
SN152,CORAL,5,17.11825831
SN152,CORAL,5,12.5052968
SN152,CORAL,5,16.45810466
SN152,CORAL,5,14.82223707
SN152,CORAL,5,19.86372159
SN152,CORAL,5,17.00808479
SN152,CORAL,5,13.16342194
SN152,CORAL,5,14.84683277
SN152,CORAL,5,13.89346415
SN152,CORAL,5,269.9629699
SN152,CORAL,5,305.3451517
SN152,CORAL,5,122.9666442
SN152,CORAL,5,282.9407514
SN152,CORAL,5,19.80822279
SN152,CORAL,5,20.21468574
SN152,CORAL,5,21.02672417
SN152,CORAL,5,12.80351966
SN152,CORAL,5,14.22842208
SN152,CORAL,5,12.40553525
SN152,CORAL,5,18.25335302
SN152,CORAL,5,19.47793994
SN152,CORAL,5,14.68177851
SN152,CORAL,5,11.73828181
SN152,CORAL,5,20.12161194
SN152,CORAL,5,15.29337467
SN152,CORAL,5,14.52361802
SN152,CORAL,5,14.09889846
SN152,CORAL,5,16.38401645
SN152,CORAL,5,13.91683957
SN152,CORAL,5,14.82789471
SN152,CORAL,5,14.30124246
SN152,CORAL,5,12.01599769
SN152,CORAL,5,14.31125824
SN152,CORAL,5,16.17241737
SN152,CORAL,5,16.56886455
SN152,CORAL,5,11.74544499
SN152,CORAL,5,15.19442135
SN152,CORAL,5,13.31754126
SN152,CORAL,5,14.58498048
SN152,CORAL,5,17.60999798
SN152,CORAL,5,11.21029835
SN152,CORAL,5,12.39989345
SN152,CORAL,5,15.58047241
SN152,CORAL,5,45.31366222
SN152,CORAL,5,38.3103537
SN152,CORAL,5,34.21415545
SN152,CORAL,5,36.6028543
SN152,CORAL,5,24.14018793
SN152,CORAL,5,18.21896341
SN152,CORAL,5,26.63538363
SN152,CORAL,5,29.73203292
SN152,CORAL,5,32.01005113
SN152,CORAL,5,48.23902909
SN152,CORAL,5,31.84464822
SN152,CORAL,5,25.61154008
SN152,CORAL,5,338.9722908
SN152,CORAL,5,314.0663557
SN152,CORAL,5,68.40970565
SN152,CORAL,5,18.20658632
SN152,CORAL,5,19.52232947
SN152,CORAL,5,14.22728104
SN152,CORAL,5,18.0107082
SN152,CORAL,5,24.02232825
SN152,CORAL,10,7.962968697
SN152,CORAL,10,8.633264904
SN152,CORAL,10,10.46196785
SN152,CORAL,10,9.698486906
SN152,CORAL,10,10.01979993
SN152,CORAL,10,10.85922327
SN152,CORAL,10,14.3652515
SN152,CORAL,10,13.19543439
SN152,CORAL,10,11.63829839
SN152,CORAL,10,11.67240274
SN152,CORAL,10,19.56627527
SN152,CORAL,10,13.52219903
SN152,CORAL,10,10.23791244
SN152,CORAL,10,11.66243451
SN152,CORAL,10,12.09298603
SN152,CORAL,10,10.1074538
SN152,CORAL,15,22.26771351
SN152,CORAL,15,19.12922617
SN152,CORAL,15,15.7210736
SN152,CORAL,15,17.17957323
SN152,CORAL,15,18.82697798
SN152,CORAL,15,18.74862673
SN152,CORAL,15,22.93200342
SN152,CORAL,15,21.93232769
SN152,CORAL,15,20.01601841
SN152,CORAL,15,20.32004155
SN152,CORAL,15,156.6063347
SN152,CORAL,15,14.94009674
SN152,CORAL,15,12.29720007
SN152,CORAL,15,12.93034916
SN152,CORAL,15,11.38120043
SN152,CORAL,15,8.634088986
SN152,CORAL,15,10.70215627
SN152,CORAL,15,13.8646054
SN152,CORAL,20,2.833972932
SN152,CORAL,20,2.390616429
SN152,CORAL,20,2.751057532
SN152,CORAL,20,3.340213286
SN152,CORAL,20,3.49463371
SN152,CORAL,20,3.239928758
SN152,CORAL,20,3.808038708
SN152,CORAL,20,3.225602397
SN152,CORAL,20,2.590551575
SN152,CORAL,20,2.7049089
SN152,CORAL,20,3.39942046
SN152,CORAL,20,2.865795203
SN152,CORAL,20,3.456852687
SN152,CORAL,20,2.566970131
SN152,CORAL,20,3.024526213
SN152,CORAL,20,3.198471058
SN152,CORAL,20,2.537556717
SN152,CORAL,20,2.395814489
SN152,CORAL,20,4.219747265
SN152,CORAL,20,4.550014263
SN152,CORAL,20,7.150058637
SN152,CORAL,20,4.7661775
SN152,CORAL,20,4.312171312
SN152,CORAL,20,8.135154442
SN152,CORAL,20,5.30588829
SN152,CORAL,20,6.09814874
SN152,CORAL,20,6.769015465
SN152,CORAL,20,6.728698803
SN152,CORAL,20,5.686551116
SN152,CORAL,20,5.542653595
SN152,CORAL,20,4.653278167
SN152,CORAL,20,4.526622992
SN152,CORAL,20,4.747857507
SN152,CORAL,20,6.433296843
SN152,CORAL,20,6.510760619
SN152,CORAL,20,5.659546559
SN152,CORAL,20,5.621607059
SN152,CORAL,20,4.409951896
SN152,CORAL,20,4.151189922
SN152,CORAL,20,3.968623904
SN152,CORAL,20,4.522534274
SN152,CORAL,20,3.778958096
SN152,CORAL,20,3.512589205
SN152,CORAL,20,3.414967098
SN152,CORAL,20,4.156768328
SN152,CORAL,20,3.913220189
SN152,CORAL,20,126.8353005
SN152,CORAL,20,165.1916602
SN152,CORAL,20,170.1007843
SN152,CORAL,20,96.40623621
SN152,CORAL,20,3.480640151
SN152,CORAL,20,5.332544197
SN152,CORAL,20,3.990303618
SN152,CORAL,20,3.755376652
SN152,CORAL,20,3.010152309
SN152,CORAL,25,2.684053268
SN152,CORAL,25,3.798593452
SN152,CORAL,25,4.381283326
SN152,CORAL,25,5.6610204
SN152,CORAL,25,4.871042026
SN152,CORAL,25,3.209691262
SN152,CORAL,25,3.211085863
SN152,CORAL,25,4.626226067
SN152,CORAL,25,5.525490488
SN152,CORAL,25,2.879677828
SN152,CORAL,25,2.387637053
SN152,CORAL,25,6.39537319
SN152,CORAL,25,5.641147328
SN152,CORAL,25,4.537383611
SN152,CORAL,25,5.389992271
SN152,CORAL,25,2.740122588
SN152,CORAL,25,2.972513916
SN152,CORAL,25,3.157742355
SN152,CORAL,25,3.758181703
SN152,CORAL,25,3.582715474
SN152,CORAL,25,14.64589921
SN152,CORAL,25,3.922300946
SN152,CORAL,25,87.80834347
SN152,CORAL,25,7.88347641
SN152,CORAL,25,15.08710042
SN152,CORAL,25,8.215518355
SN152,CORAL,25,6.8864631
SN152,CORAL,25,5.354049586
SN152,CORAL,25,17.17646707
SN152,CORAL,25,3.347598335
SN152,CORAL,25,2.896761696
SN152,CORAL,25,4.304168201
iFAST,CORAL,-5,0.68062611
iFAST,CORAL,-5,0.797916186
iFAST,CORAL,-5,0.570874526
iFAST,CORAL,-5,1.78545872
iFAST,CORAL,-5,1.085487508
iFAST,CORAL,-5,1.835124083
iFAST,CORAL,-5,0.937156579
iFAST,CORAL,-5,0.927179163
iFAST,CORAL,-5,0.644485689
iFAST,CORAL,-5,0.804789518
iFAST,CORAL,-5,0.585535785
iFAST,CORAL,-5,0.768233371
iFAST,CORAL,-5,0.74362241
iFAST,CORAL,-5,0.816124972
iFAST,CORAL,-5,0.776880466
iFAST,CORAL,-5,0.911908172
iFAST,CORAL,-5,0.686861995
iFAST,CORAL,-5,0.842066255
iFAST,CORAL,-5,1.38860697
iFAST,CORAL,-5,1.434281367
iFAST,CORAL,-5,0.806147555
iFAST,CORAL,-5,1.43649857
iFAST,CORAL,-5,0.771115736
iFAST,CORAL,-5,0.777767347
iFAST,CORAL,-5,0.634979428
iFAST,CORAL,-5,1.441376419
iFAST,CORAL,-5,1.227637981
iFAST,CORAL,-5,0.786192721
iFAST,CORAL,-5,0.681097266
iFAST,CORAL,-5,0.654934262
iFAST,CORAL,-5,0.856478079
iFAST,CORAL,-5,0.807034436
iFAST,CORAL,-5,0.674002214
iFAST,CORAL,-5,0.700165217
iFAST,CORAL,-5,1.195571672
iFAST,CORAL,-5,0.521541743
iFAST,CORAL,-5,0.708895457
iFAST,CORAL,-5,0.71643395
iFAST,CORAL,-5,1.439907521
iFAST,CORAL,-5,1.016199892
iFAST,CORAL,-5,0.915095402
iFAST,CORAL,-5,0.773194365
iFAST,CORAL,-5,0.88981928
iFAST,CORAL,-5,0.833058865
iFAST,CORAL,-5,1.49910686
iFAST,CORAL,-5,1.166304583
iFAST,CORAL,-5,0.758117379
iFAST,CORAL,-5,0.99713194
iFAST,CORAL,-5,1.823927204
iFAST,CORAL,-5,1.818605915
iFAST,CORAL,-5,1.474717619
iFAST,CORAL,-5,1.184929094
iFAST,CORAL,-5,1.448776336
iFAST,CORAL,-5,1.796433878
iFAST,CORAL,-5,0.932167871
iFAST,CORAL,-5,1.661406172
iFAST,CORAL,-5,0.87185993
iFAST,CORAL,-5,0.942810449
iFAST,CORAL,-5,0.646148592
iFAST,CORAL,-5,1.070077942
iFAST,CORAL,-5,0.775189848
iFAST,CORAL,-5,0.843923163
iFAST,CORAL,2,41.28968214
iFAST,CORAL,2,42.24396661
iFAST,CORAL,2,30.45221211
iFAST,CORAL,2,38.56695598
iFAST,CORAL,2,39.32235728
iFAST,CORAL,2,43.24037796
iFAST,CORAL,2,32.61775497
iFAST,CORAL,2,32.84191427
iFAST,CORAL,2,397.2221888
iFAST,CORAL,2,294.5913765
iFAST,CORAL,2,223.4705765
iFAST,CORAL,2,230.1104364
iFAST,CORAL,2,46.45790084
iFAST,CORAL,2,48.98373931
iFAST,CORAL,2,48.11104793
iFAST,CORAL,2,61.03401977
iFAST,CORAL,2,64.46137327
iFAST,CORAL,2,83.29762741
iFAST,CORAL,2,165.681656
iFAST,CORAL,2,157.7731121
iFAST,CORAL,2,133.8944933
iFAST,CORAL,2,158.0389548
iFAST,CORAL,5,258.5741494
iFAST,CORAL,5,226.9650281
iFAST,CORAL,5,152.1395023
iFAST,CORAL,5,150.2644132
iFAST,CORAL,5,572.7320438
iFAST,CORAL,5,241.503316
iFAST,CORAL,5,383.4316252
iFAST,CORAL,5,331.6186785
iFAST,CORAL,5,422.8776747
iFAST,CORAL,5,258.3844399
iFAST,CORAL,5,192.7325945
iFAST,CORAL,5,193.5372177
iFAST,CORAL,5,738.8287604
iFAST,CORAL,5,434.0175713
iFAST,CORAL,5,595.0231447
iFAST,CORAL,5,578.3715014
iFAST,CORAL,5,134.9697817
iFAST,CORAL,5,126.4872037
iFAST,CORAL,5,113.8797399
iFAST,CORAL,5,195.6202806
iFAST,CORAL,5,204.7904135
iFAST,CORAL,10,57.36199784
iFAST,CORAL,10,43.527977
iFAST,CORAL,10,51.28708139
iFAST,CORAL,10,64.1552883
iFAST,CORAL,10,72.67289808
iFAST,CORAL,10,48.1297833
iFAST,CORAL,10,88.29808695
iFAST,CORAL,10,103.6677431
iFAST,CORAL,10,103.8748299
iFAST,CORAL,10,91.09619803
iFAST,CORAL,10,91.4251202
iFAST,CORAL,10,109.7203766
iFAST,CORAL,10,102.4273285
iFAST,CORAL,10,118.185217
iFAST,CORAL,10,87.97625983
iFAST,CORAL,15,266.4062275
iFAST,CORAL,15,91.41763714
iFAST,CORAL,15,59.10078443
iFAST,CORAL,15,72.67162319
iFAST,CORAL,15,71.27411969
iFAST,CORAL,15,179.7270873
iFAST,CORAL,15,96.61143684
iFAST,CORAL,15,84.72478601
iFAST,CORAL,15,836.0118477
iFAST,CORAL,15,825.1160653
iFAST,CORAL,15,66.74814175
iFAST,CORAL,15,84.08002317
iFAST,CORAL,15,341.4889488
iFAST,CORAL,15,78.244343
iFAST,CORAL,15,82.84127146
iFAST,CORAL,15,81.26217897
iFAST,CORAL,15,258.0110073
iFAST,CORAL,15,100.1818
iFAST,CORAL,15,119.5149295
iFAST,CORAL,15,128.9808373
iFAST,CORAL,15,654.6785072
iFAST,CORAL,15,597.6531364
iFAST,CORAL,15,74.897474
iFAST,CORAL,15,88.69047657
iFAST,CORAL,15,86.86416588
iFAST,CORAL,15,98.6572507
iFAST,CORAL,15,101.203044
iFAST,CORAL,15,86.0426919
iFAST,CORAL,15,108.2306929
iFAST,CORAL,15,115.892462
iFAST,CORAL,15,549.3790131
iFAST,CORAL,15,120.7092817
iFAST,CORAL,15,133.8670554
iFAST,CORAL,15,108.7629881
iFAST,CORAL,15,147.5558494
iFAST,CORAL,15,309.8755594
iFAST,CORAL,15,366.456381
iFAST,CORAL,15,541.7919637
iFAST,CORAL,15,212.8675757
iFAST,CORAL,15,511.9517275
iFAST,CORAL,15,100.9593179
iFAST,CORAL,15,94.74626964
iFAST,CORAL,15,109.6181635
iFAST,CORAL,20,14.90894892
iFAST,CORAL,20,20.86746218
iFAST,CORAL,20,12.44718764
iFAST,CORAL,20,10.90955686
iFAST,CORAL,20,151.3640908
iFAST,CORAL,20,16.53859365
iFAST,CORAL,20,14.97967772
iFAST,CORAL,20,22.11729991
iFAST,CORAL,20,20.52091324
iFAST,CORAL,20,12.51614267
iFAST,CORAL,20,11.61662313
iFAST,CORAL,20,14.05554721
iFAST,CORAL,20,11.72570955
iFAST,CORAL,20,11.47716101
iFAST,CORAL,20,18.16424741
iFAST,CORAL,20,16.63459857
iFAST,CORAL,20,17.60551208
iFAST,CORAL,20,13.56953616
iFAST,CORAL,20,13.21677905
iFAST,CORAL,20,11.99820389
iFAST,CORAL,20,12.30972101
iFAST,CORAL,20,12.49308375
iFAST,CORAL,20,12.72367294
iFAST,CORAL,20,16.1734202
iFAST,CORAL,20,51.28092865
iFAST,CORAL,20,18.97316647
iFAST,CORAL,20,24.34678139
iFAST,CORAL,20,33.55881937
iFAST,CORAL,20,20.30082805
iFAST,CORAL,20,128.7422662
iFAST,CORAL,20,101.852463
iFAST,CORAL,20,14.36603888
iFAST,CORAL,20,13.11841835
iFAST,CORAL,20,14.94140324
iFAST,CORAL,20,16.09301885
iFAST,CORAL,20,14.50838335
iFAST,CORAL,20,15.13563028
iFAST,CORAL,20,17.63774467
iFAST,CORAL,20,18.56076658
iFAST,CORAL,20,18.53526874
iFAST,CORAL,20,14.38111586
iFAST,CORAL,20,12.50674727
iFAST,CORAL,20,14.0754189
iFAST,CORAL,20,38.86885598
iFAST,CORAL,20,16.19218328
iFAST,CORAL,20,13.06526089
iFAST,CORAL,20,12.465729
iFAST,CORAL,20,22.67129597
iFAST,CORAL,20,11.3664394
iFAST,CORAL,20,14.10335567
iFAST,CORAL,20,11.69791136
iFAST,CORAL,20,12.51384232
iFAST,CORAL,20,12.39366988
iFAST,CORAL,20,15.0179522
iFAST,CORAL,25,6.164574628
iFAST,CORAL,25,5.344430974
iFAST,CORAL,25,4.486816578
iFAST,CORAL,25,5.402965152
iFAST,CORAL,25,5.274145617
iFAST,CORAL,25,6.525757112
iFAST,CORAL,25,6.204706015
iFAST,CORAL,25,5.927998992
iFAST,CORAL,25,5.575657607
iFAST,CORAL,25,5.436638934
iFAST,CORAL,25,4.799414587
iFAST,CORAL,25,5.371453145
iFAST,CORAL,25,5.659246186
iFAST,CORAL,25,7.168940195
iFAST,CORAL,25,14.03562009
iFAST,CORAL,25,7.874897857
iFAST,CORAL,25,6.768956645
iFAST,CORAL,25,24.31635027
iFAST,CORAL,25,9.106776239
iFAST,CORAL,25,7.955825792
iFAST,CORAL,25,6.447683827
iFAST,CORAL,25,6.900880266
iFAST,CORAL,25,7.555177081
iFAST,CORAL,25,7.012405612
iFAST,CORAL,25,6.054573608
iFAST,CORAL,25,7.261397589
iFAST,CORAL,25,7.977443528
iFAST,CORAL,25,7.244657701
iFAST,CORAL,25,8.698921616
iFAST,CORAL,25,8.067461999
iFAST,CORAL,25,10.79484429
iFAST,CORAL,25,11.06866894
iFAST,CORAL,25,6.332500094
iFAST,CORAL,25,25.17252348
iFAST,CORAL,25,10.65050432
iFAST,CORAL,25,7.824456472
iFAST,CORAL,25,12.10698544
iFAST,LIME,-5,1.025042762
iFAST,LIME,-5,1.089669816
iFAST,LIME,-5,0.991965923
iFAST,LIME,-5,0.961433456
iFAST,LIME,-5,1.35658658
iFAST,LIME,-5,1.019202822
iFAST,LIME,-5,1.03396018
iFAST,LIME,-5,1.10825585
iFAST,LIME,-5,1.019711696
iFAST,LIME,-5,1.032811578
iFAST,LIME,-5,0.961569156
iFAST,LIME,-5,0.831500847
iFAST,LIME,-5,0.747536563
iFAST,LIME,-5,0.947015346
iFAST,LIME,-5,0.873737426
iFAST,LIME,2,6.554557318
iFAST,LIME,2,6.422758836
iFAST,LIME,2,7.353999075
iFAST,LIME,2,6.944864019
iFAST,LIME,2,4.095167114
iFAST,LIME,2,4.700727707
iFAST,LIME,2,4.445781609
iFAST,LIME,2,4.145545685
iFAST,LIME,2,6.405457105
iFAST,LIME,2,5.712878982
iFAST,LIME,2,6.037032005
iFAST,LIME,2,5.491009723
iFAST,LIME,2,7.476637816
iFAST,LIME,2,7.4690047
iFAST,LIME,2,7.413452573
iFAST,LIME,2,6.356520346
iFAST,LIME,2,6.282224676
iFAST,LIME,2,5.533670364
iFAST,LIME,2,5.575398069
iFAST,LIME,2,5.985550874
iFAST,LIME,2,5.74027339
iFAST,LIME,5,17.01650708
iFAST,LIME,5,16.45776294
iFAST,LIME,5,15.75907832
iFAST,LIME,5,26.29583263
iFAST,LIME,5,23.53569762
iFAST,LIME,5,27.74358043
iFAST,LIME,5,22.36579527
iFAST,LIME,5,24.57889024
iFAST,LIME,5,25.56101792
iFAST,LIME,5,5.729998973
iFAST,LIME,5,6.058731865
iFAST,LIME,5,5.512200709
iFAST,LIME,5,7.503426421
iFAST,LIME,5,7.491722309
iFAST,LIME,5,7.542028183
iFAST,LIME,5,6.382303318
iFAST,LIME,5,5.89174835
iFAST,LIME,5,5.438850092
iFAST,LIME,5,5.958919777
iFAST,LIME,5,5.763003115
iFAST,LIME,5,14.48454573
iFAST,LIME,5,20.40275555
iFAST,LIME,5,19.41248587
iFAST,LIME,5,12.62613624
iFAST,LIME,5,14.72066347
iFAST,LIME,5,11.82822111
iFAST,LIME,5,4.155921069
iFAST,LIME,5,4.608819327
iFAST,LIME,10,9.985452451
iFAST,LIME,10,6.596857506
iFAST,LIME,10,7.512322637
iFAST,LIME,10,7.005483688
iFAST,LIME,10,5.518552553
iFAST,LIME,10,6.799898411
iFAST,LIME,10,5.478860346
iFAST,LIME,10,8.096510503
iFAST,LIME,10,7.166288013
iFAST,LIME,10,5.216281131
iFAST,LIME,10,6.535474526
iFAST,LIME,10,6.840799195
iFAST,LIME,10,7.056053086
iFAST,LIME,10,7.750666706
iFAST,LIME,10,7.38376823
iFAST,LIME,10,6.117688605
iFAST,LIME,10,6.671852878
iFAST,LIME,10,5.158969146
iFAST,LIME,10,6.61943881
iFAST,LIME,10,5.632222382
iFAST,LIME,10,6.413853533
iFAST,LIME,10,6.179262413
iFAST,LIME,10,5.449027581
iFAST,LIME,10,4.828200756
iFAST,LIME,10,5.791500084
iFAST,LIME,10,7.007710013
iFAST,LIME,10,5.911085579
iFAST,LIME,10,6.692207856
iFAST,LIME,10,6.615367814
iFAST,LIME,10,7.474856756
iFAST,LIME,10,5.635275629
iFAST,LIME,10,16.68548425
iFAST,LIME,10,14.76244772
iFAST,LIME,10,8.981633994
iFAST,LIME,10,6.893722137
iFAST,LIME,10,9.53376277
iFAST,LIME,10,6.704929717
iFAST,LIME,10,5.914189714
iFAST,LIME,10,4.434891695
iFAST,LIME,10,5.390049033
iFAST,LIME,10,6.153869578
iFAST,LIME,15,5.559198899
iFAST,LIME,15,6.583054287
iFAST,LIME,15,7.203881113
iFAST,LIME,15,7.789595602
iFAST,LIME,15,6.716379392
iFAST,LIME,15,5.040655837
iFAST,LIME,15,6.950352593
iFAST,LIME,15,4.421755465
iFAST,LIME,15,4.777967578
iFAST,LIME,15,6.606862342
iFAST,LIME,15,5.282262155
iFAST,LIME,15,5.007978828
iFAST,LIME,15,6.10205889
iFAST,LIME,15,4.378991837
iFAST,LIME,15,3.781573236
iFAST,LIME,15,5.023735762
iFAST,LIME,15,4.441583394
iFAST,LIME,20,3.849562497
iFAST,LIME,20,3.280640865
iFAST,LIME,20,3.71369302
iFAST,LIME,20,4.074485003
iFAST,LIME,20,4.117085064
iFAST,LIME,20,4.070777489
iFAST,LIME,20,3.749168838
iFAST,LIME,20,3.311027939
iFAST,LIME,20,3.872316455
iFAST,LIME,25,2.372299977
iFAST,LIME,25,2.23083288
iFAST,LIME,25,2.246099114
iFAST,LIME,25,2.298004308
iFAST,LIME,25,2.134146735
iFAST,LIME,25,2.103105394
iFAST,LIME,25,2.092419031
iFAST,LIME,25,1.794727479
iFAST,LIME,25,1.945354316
iFAST,LIME,25,2.255258854
iFAST,LIME,25,2.202844786
iFAST,LIME,25,1.997077768
iFAST,LIME,25,1.404239037
iFAST,LIME,25,1.250558954
iFAST,LIME,25,1.631197041
iFAST,LIME,25,1.651043144
iFAST,LIME,25,1.388463929
iFAST,LIME,25,1.520771286
iFAST,LIME,25,1.348262848
iFAST,LIME,25,1.733480805
iFAST,LIME,25,3.572044183
iFAST,LIME,25,1.745184917
SN152,LIME,-5,0.659329868
SN152,LIME,-5,0.694086439
SN152,LIME,-5,0.710033571
SN152,LIME,-5,1.128748019
SN152,LIME,-5,0.706353464
SN152,LIME,-5,1.874174228
SN152,LIME,-5,0.64011153
SN152,LIME,-5,0.658512067
SN152,LIME,-5,0.72925191
SN152,LIME,-5,1.041243242
SN152,LIME,-5,0.339978322
SN152,LIME,-5,0.574505663
SN152,LIME,-5,0.363512836
SN152,LIME,-5,0.437523886
SN152,LIME,-5,0.579412473
SN152,LIME,-5,1.068457864
SN152,LIME,-5,0.586772688
SN152,LIME,-5,0.59740411
SN152,LIME,-5,0.421167853
SN152,LIME,-5,0.403585117
SN152,LIME,-5,0.417487745
SN152,LIME,-5,2.735137638
SN152,LIME,-5,0.493368056
SN152,LIME,-5,0.671239916
SN152,LIME,-5,0.614402701
SN152,LIME,-5,0.599682271
SN152,LIME,-5,0.478647626
SN152,LIME,-5,2.300884959
SN152,LIME,-5,1.773811792
SN152,LIME,-5,1.005078235
SN152,LIME,-5,3.403281591
SN152,LIME,-5,3.508369104
SN152,LIME,-5,0.526664266
SN152,LIME,-5,1.257778947
SN152,LIME,2,3.323429101
SN152,LIME,2,3.410524978
SN152,LIME,2,3.568360697
SN152,LIME,2,3.370452696
SN152,LIME,2,3.980065416
SN152,LIME,2,2.67812518
SN152,LIME,2,3.632908614
SN152,LIME,2,3.311921464
SN152,LIME,2,4.181244624
SN152,LIME,2,3.946535549
SN152,LIME,2,3.61164577
SN152,LIME,2,3.098475231
SN152,LIME,2,2.693663412
SN152,LIME,5,3.063718661
SN152,LIME,5,2.301936418
SN152,LIME,5,1.594537986
SN152,LIME,5,1.626432251
SN152,LIME,5,2.538098552
SN152,LIME,5,1.762822582
SN152,LIME,5,3.323188142
SN152,LIME,5,2.869717123
SN152,LIME,10,1.358485379
SN152,LIME,10,1.354805272
SN152,LIME,10,5.42295961
SN152,LIME,10,1.300012561
SN152,LIME,10,2.535957502
SN152,LIME,10,7.440314033
SN152,LIME,10,7.931403927
SN152,LIME,10,2.819604867
SN152,LIME,10,10.90766324
SN152,LIME,10,3.843083639
SN152,LIME,10,4.254028971
SN152,LIME,15,2.047132788
SN152,LIME,15,1.565447613
SN152,LIME,15,2.788061088
SN152,LIME,15,1.818557225
SN152,LIME,15,1.595706274
SN152,LIME,15,1.788298564
SN152,LIME,15,2.681980531
SN152,LIME,15,1.767678279
SN152,LIME,15,3.598327286
SN152,LIME,15,1.63624587
SN152,LIME,15,1.619889837
SN152,LIME,15,1.299720489
SN152,LIME,15,2.104028418
SN152,LIME,15,1.969091144
SN152,LIME,15,1.430977655
SN152,LIME,15,2.421744361
SN152,LIME,15,1.297267084
SN152,LIME,15,2.442598303
SN152,LIME,20,1.072021142
SN152,LIME,20,1.103097605
SN152,LIME,20,1.225767854
SN152,LIME,20,1.332082069
SN152,LIME,20,1.288738581
SN152,LIME,20,1.187331176
SN152,LIME,20,1.196326994
SN152,LIME,20,0.982471861
SN152,LIME,20,0.82381834
SN152,LIME,20,2.115536055
SN152,LIME,20,1.402296182
SN152,LIME,20,1.27267462
SN152,LIME,20,2.007060507
SN152,LIME,20,1.051050371
SN152,LIME,20,1.09480276
SN152,LIME,20,1.230966735
SN152,LIME,20,1.486120852
SN152,LIME,20,1.120154611
SN152,LIME,20,0.884218833
SN152,LIME,25,1.359441915
SN152,LIME,25,1.173392039
SN152,LIME,25,0.928460443
SN152,LIME,25,1.266621427
SN152,LIME,25,0.993884575
SN152,LIME,25,1.040499269
SN152,LIME,25,2.908602456
SN152,LIME,25,1.515886236
SN152,LIME,25,1.234562467
SN152,LIME,25,1.487263178
SN152,LIME,25,4.948608687
iFAST,CORAL,-5,0
iFAST,CORAL,-5,0
iFAST,CORAL,-5,0
iFAST,CORAL,-5,0
iFAST,CORAL,-5,0.037552156
iFAST,CORAL,-5,0
iFAST,CORAL,-5,0
iFAST,CORAL,-5,4.581363004
iFAST,CORAL,-5,0.037552156
iFAST,CORAL,-5,0
iFAST,CORAL,-5,0
iFAST,CORAL,-5,0
iFAST,CORAL,-5,0
iFAST,CORAL,-5,0
iFAST,CORAL,-5,0
iFAST,CORAL,-5,0.037552156
iFAST,CORAL,-5,11.60361613
iFAST,CORAL,-5,0.26286509
iFAST,CORAL,-5,0
iFAST,CORAL,-5,0.037552156
iFAST,CORAL,-5,0
iFAST,CORAL,-5,5.257301808
iFAST,CORAL,-5,5.069541029
iFAST,CORAL,-5,0
iFAST,CORAL,-5,0
iFAST,CORAL,-5,0.075104312
iFAST,CORAL,-5,0
iFAST,CORAL,2,168.3296245
iFAST,CORAL,2,128.7496523
iFAST,CORAL,2,1363.539638
iFAST,CORAL,2,1367.783032
iFAST,CORAL,2,374.340751
iFAST,CORAL,2,672.4297636
iFAST,CORAL,2,1458.171071
iFAST,CORAL,2,1174.351878
iFAST,CORAL,2,631.9793115
iFAST,CORAL,2,186.4980876
iFAST,CORAL,2,125.7011474
iFAST,CORAL,2,194.1587274
iFAST,CORAL,2,161.6761127
iFAST,CORAL,2,234.0391168
iFAST,CORAL,2,1840.895862
iFAST,CORAL,2,1325.980702
iFAST,CORAL,2,173.3923853
iFAST,CORAL,2,304.2616481
iFAST,CORAL,2,388.3033727
iFAST,CORAL,2,1894.595445
iFAST,CORAL,2,1898.012691
iFAST,CORAL,5,484.1557719
iFAST,CORAL,5,559.3727399
iFAST,CORAL,5,386.7079277
iFAST,CORAL,5,483.7426982
iFAST,CORAL,5,180.9596662
iFAST,CORAL,5,167.8164117
iFAST,CORAL,5,143.7454798
iFAST,CORAL,5,521.7454798
iFAST,CORAL,5,452.837274
iFAST,CORAL,5,515.2489569
iFAST,CORAL,5,727.1411683
iFAST,CORAL,5,751.2121001
iFAST,CORAL,5,697.8504868
iFAST,CORAL,5,711.1063978
iFAST,CORAL,5,687.3734353
iFAST,CORAL,5,744.2649513
iFAST,CORAL,10,194.5154729
iFAST,CORAL,10,533.5363352
iFAST,CORAL,10,523.5850139
iFAST,CORAL,10,829.7101878
iFAST,CORAL,10,808.2303547
iFAST,CORAL,10,503.83258
iFAST,CORAL,10,530.9076843
iFAST,CORAL,10,543.7505216
iFAST,CORAL,10,133.4932197
iFAST,CORAL,10,547.8812587
iFAST,CORAL,10,494.4914812
iFAST,CORAL,10,498.2091446
iFAST,CORAL,10,496.2564325
iFAST,CORAL,10,441.880911
iFAST,CORAL,10,478.8322323
iFAST,CORAL,15,205.2460014
iFAST,CORAL,15,177.2320932
iFAST,CORAL,15,350.7230529
iFAST,CORAL,15,149.218185
iFAST,CORAL,15,131.1180459
iFAST,CORAL,15,157.7800765
iFAST,CORAL,15,289.4754868
iFAST,CORAL,15,269.3850834
iFAST,CORAL,15,312.908032
iFAST,CORAL,15,329.5811892
iFAST,CORAL,15,314.9358484
iFAST,CORAL,15,77.93574409
iFAST,CORAL,15,104.0720445
iFAST,CORAL,15,74.89401947
iFAST,CORAL,15,63.6659249
iFAST,CORAL,15,68.73546592
iFAST,CORAL,15,62.16383866
iFAST,CORAL,15,203.9232267
iFAST,CORAL,15,62.27649513
iFAST,CORAL,15,169.3752434
iFAST,CORAL,15,344.2556328
iFAST,CORAL,15,59.7605007
iFAST,CORAL,15,141.9997218
iFAST,CORAL,15,132.3112656
iFAST,CORAL,15,313.8383866
iFAST,CORAL,15,204.8244784
iFAST,CORAL,15,252.0650904
iFAST,CORAL,15,364.8342142
iFAST,CORAL,15,287.8522949
iFAST,CORAL,15,153.0776078
iFAST,CORAL,15,317.5184979
iFAST,CORAL,15,357.7744089
iFAST,CORAL,15,174.7452017
iFAST,CORAL,15,176.0595271
iFAST,CORAL,15,162.6909597
iFAST,CORAL,15,179.401669
iFAST,CORAL,15,67.49061196
iFAST,CORAL,15,302.4168985
iFAST,CORAL,15,82.47392211
iFAST,CORAL,15,298.8494437
iFAST,CORAL,15,161.7465229
iFAST,CORAL,15,305.1582058
iFAST,CORAL,15,203.8424896
iFAST,CORAL,15,120.4767038
iFAST,CORAL,15,157.0525035
iFAST,CORAL,15,159.4558414
iFAST,CORAL,15,184.8786509
iFAST,CORAL,15,151.644993
iFAST,CORAL,15,114.3181502
iFAST,CORAL,15,111.0135605
iFAST,CORAL,15,221.8675243
iFAST,CORAL,15,209.4753129
iFAST,CORAL,15,206.9968707
iFAST,CORAL,15,190.3237135
iFAST,CORAL,15,73.08588317
iFAST,CORAL,20,4.919332406
iFAST,CORAL,20,4.468706537
iFAST,CORAL,20,18.10013908
iFAST,CORAL,20,9.95132128
iFAST,CORAL,20,2.365785814
iFAST,CORAL,20,0.863699583
iFAST,CORAL,20,265.3059805
iFAST,CORAL,20,87.00834492
iFAST,CORAL,20,135.3379694
iFAST,CORAL,20,92.26564673
iFAST,CORAL,20,76.68150209
iFAST,CORAL,20,100.7899861
iFAST,CORAL,20,86.29485396
iFAST,CORAL,20,99.81363004
iFAST,CORAL,20,10.55215577
iFAST,CORAL,20,94.78164117
iFAST,CORAL,20,104.2072323
iFAST,CORAL,20,9.95132128
iFAST,CORAL,20,4.055632823
iFAST,CORAL,20,2.403337969
iFAST,CORAL,20,4.994436718
iFAST,CORAL,20,6.458970793
iFAST,CORAL,20,6.196105702
iFAST,CORAL,20,4.093184979
iFAST,CORAL,20,4.468706537
iFAST,CORAL,20,3.605006954
iFAST,CORAL,20,4.806675939
iFAST,CORAL,20,1.426981919
iFAST,CORAL,20,4.581363004
iFAST,CORAL,20,2.328233658
iFAST,CORAL,20,8.899860918
iFAST,CORAL,20,4.168289291
iFAST,CORAL,20,8.899860918
iFAST,CORAL,20,212.8831711
iFAST,CORAL,20,7.134909597
iFAST,CORAL,20,2.741307371
iFAST,CORAL,20,2.440890125
iFAST,CORAL,20,3.529902643
iFAST,CORAL,20,1.23922114
iFAST,CORAL,20,1.426981919
iFAST,CORAL,20,1.915159944
iFAST,CORAL,20,6.872044506
iFAST,CORAL,20,3.867872045
iFAST,CORAL,20,2.92906815
iFAST,CORAL,20,4.61891516
iFAST,CORAL,20,3.041724618
iFAST,CORAL,20,6.458970793
iFAST,CORAL,20,2.703755216
iFAST,CORAL,20,2.92906815
iFAST,CORAL,20,2.253129346
iFAST,CORAL,20,3.004172462
iFAST,CORAL,25,16.33518776
iFAST,CORAL,25,9.312934631
iFAST,CORAL,25,14.23226704
iFAST,CORAL,25,7.510431154
iFAST,CORAL,25,12.31710709
iFAST,CORAL,25,3.267037552
iFAST,CORAL,25,16.78581363
iFAST,CORAL,25,8.712100139
iFAST,CORAL,25,1.464534075
iFAST,CORAL,25,0.075104312
iFAST,CORAL,25,1.727399166
iFAST,CORAL,25,8.336578581
iFAST,CORAL,25,0.225312935
iFAST,CORAL,25,0.375521558
iFAST,CORAL,25,3.717663421
iFAST,CORAL,25,3.229485396
iFAST,CORAL,25,7.435326843
iFAST,CORAL,25,5.59527121
iFAST,CORAL,25,0.863699583
iFAST,CORAL,25,0.638386648
iFAST,CORAL,25,1.464534075
iFAST,CORAL,25,4.994436718
iFAST,CORAL,25,2.515994437
iFAST,CORAL,25,0.938803894
iFAST,CORAL,25,1.389429764
iFAST,CORAL,25,0.788595271
iFAST,CORAL,25,1.577190542
iFAST,CORAL,25,3.304589708
iFAST,CORAL,25,0.97635605
iFAST,CORAL,25,0.450625869
iFAST,CORAL,25,1.164116829
iFAST,CORAL,25,1.051460362
iFAST,CORAL,25,1.426981919
iFAST,CORAL,25,0.938803894
iFAST,CORAL,25,0.788595271
iFAST,CORAL,25,0.71349096
iFAST,CORAL,25,0.525730181
iFAST,CORAL,25,0.525730181
iFAST,CORAL,25,1.877607789
iFAST,CORAL,25,0.300417246
iFAST,CORAL,25,0.300417246
iFAST,CORAL,25,0.112656467
iFAST,CORAL,25,0.375521558
iFAST,CORAL,25,0.375521558
iFAST,CORAL,25,0.225312935
SN152,CORAL,-5,1.532668519
SN152,CORAL,-5,0.897171816
SN152,CORAL,-5,0.518009918
SN152,CORAL,-5,0.384502207
SN152,CORAL,-5,1.030679527
SN152,CORAL,-5,0.720941638
SN152,CORAL,-5,0.336439431
SN152,CORAL,-5,0.640837012
SN152,CORAL,-5,0.865129966
SN152,CORAL,-5,1.281674023
SN152,CORAL,-5,1.142826004
SN152,CORAL,-5,0.501988992
SN152,CORAL,-5,0.518009918
SN152,CORAL,-5,1.217590322
SN152,CORAL,-5,0.17088987
SN152,CORAL,-5,0.34177974
SN152,CORAL,-5,0.501988992
SN152,CORAL,-5,0.283036347
SN152,CORAL,-5,0.27235573
SN152,CORAL,-5,1.259549888
SN152,CORAL,-5,1.15274372
SN152,CORAL,-5,1.120701869
SN152,CORAL,-5,0.70949812
SN152,CORAL,-5,1.099340635
SN152,CORAL,-5,0.923110457
SN152,CORAL,-5,0.474524549
SN152,CORAL,-5,1.393057599
SN152,CORAL,-5,1.120701869
SN152,CORAL,-5,3.722194976
SN152,CORAL,-5,4.907743447
SN152,CORAL,-5,0.982616751
SN152,CORAL,-5,0.518009918
SN152,CORAL,-5,1.93853196
SN152,CORAL,-5,0.752983489
SN152,CORAL,-5,0.913192742
SN152,CORAL,-5,1.062721378
SN152,CORAL,-5,0.47528745
SN152,CORAL,-5,1.319056182
SN152,CORAL,-5,0.891831508
SN152,CORAL,-5,0.736962563
SN152,CORAL,-5,0.480627759
SN152,CORAL,-5,0.886491199
SN152,CORAL,2,16.32465533
SN152,CORAL,2,11.78539317
SN152,CORAL,2,9.39293499
SN152,CORAL,2,10.25272465
SN152,CORAL,2,7.572557354
SN152,CORAL,2,8.592556264
SN152,CORAL,2,7.588578279
SN152,CORAL,2,11.12386246
SN152,CORAL,2,13.18522151
SN152,CORAL,2,11.9729715
SN152,CORAL,2,22.76726064
SN152,CORAL,2,37.53855376
SN152,CORAL,2,28.73772546
SN152,CORAL,2,24.11835867
SN152,CORAL,5,18.38668192
SN152,CORAL,5,16.42144842
SN152,CORAL,5,71.64023759
SN152,CORAL,5,106.3842842
SN152,CORAL,5,41.57430113
SN152,CORAL,5,49.30172743
SN152,CORAL,5,67.59762411
SN152,CORAL,5,40.8673778
SN152,CORAL,5,175.7742494
SN152,CORAL,5,113.7786088
SN152,CORAL,5,148.6241213
SN152,CORAL,5,44.88328974
SN152,CORAL,5,47.12621928
SN152,CORAL,5,36.40822026
SN152,CORAL,5,48.0874748
SN152,CORAL,5,136.4054956
SN152,CORAL,5,140.7258051
SN152,CORAL,5,222.7142254
SN152,CORAL,5,157.4770176
SN152,CORAL,5,156.9269658
SN152,CORAL,5,87.27866329
SN152,CORAL,10,4.710152035
SN152,CORAL,10,5.473816141
SN152,CORAL,10,5.639365702
SN152,CORAL,10,7.337583783
SN152,CORAL,10,8.53915318
SN152,CORAL,10,6.477794126
SN152,CORAL,10,28.98719416
SN152,CORAL,10,7.759468149
SN152,CORAL,10,9.436324996
SN152,CORAL,10,16.70448477
SN152,CORAL,10,22.57348373
SN152,CORAL,15,3.684812817
SN152,CORAL,15,3.97852978
SN152,CORAL,15,4.934444989
SN152,CORAL,15,5.057272083
SN152,CORAL,15,6.830254482
SN152,CORAL,15,7.182714838
SN152,CORAL,15,8.939676312
SN152,CORAL,15,10.10786878
SN152,CORAL,15,10.98367936
SN152,CORAL,15,13.18922675
SN152,CORAL,15,8.719388589
SN152,CORAL,15,10.61519808
SN152,CORAL,15,14.02231486
SN152,CORAL,15,11.09582584
SN152,CORAL,15,14.32137213
SN152,CORAL,15,5.959784208
SN152,CORAL,15,5.601983543
SN152,CORAL,15,5.655386627
SN152,CORAL,15,4.395073838
SN152,CORAL,15,8.613917498
SN152,CORAL,15,4.240204893
SN152,CORAL,20,3.935807313
SN152,CORAL,20,2.269631083
SN152,CORAL,20,1.415181734
SN152,CORAL,20,2.269631083
SN152,CORAL,20,1.56471037
SN152,CORAL,20,1.901149801
SN152,CORAL,20,3.796291755
SN152,CORAL,20,5.371682742
SN152,CORAL,20,22.48203095
SN152,CORAL,20,3.518595717
SN152,CORAL,20,3.534616642
SN152,CORAL,20,3.518595717
SN152,CORAL,20,5.099327012
SN152,CORAL,20,5.969797286
SN152,CORAL,20,6.16204839
SN152,CORAL,20,3.705506512
SN152,CORAL,20,3.561318184
SN152,CORAL,20,31.20809493
SN152,CORAL,20,5.82026865
SN152,CORAL,20,5.601316005
SN152,CORAL,20,4.351683832
SN152,CORAL,20,4.319641981
SN152,CORAL,20,6.551890905
SN152,CORAL,20,4.832311591
SN152,CORAL,20,4.22351643
SN152,CORAL,20,5.873671735
SN152,CORAL,20,4.180793962
SN152,CORAL,20,5.163410713
SN152,CORAL,20,6.717440466
SN152,CORAL,20,4.955138685
SN152,CORAL,20,10.4770176
SN152,CORAL,20,3.662784044
SN152,CORAL,20,4.570636478
SN152,CORAL,20,4.378385374
SN152,CORAL,20,18.40737562
SN152,CORAL,20,3.443831399
SN152,CORAL,20,6.728121083
SN152,CORAL,20,4.891054983
SN152,CORAL,20,4.287600131
SN152,CORAL,20,19.26182497
SN152,CORAL,20,7.000476813
SN152,CORAL,20,20.45271375
SN152,CORAL,20,4.746866656
SN152,CORAL,20,10.91492289
SN152,CORAL,20,4.917756526
SN152,CORAL,20,5.371682742
SN152,CORAL,20,27.82767969
SN152,CORAL,20,4.025925018
SN152,CORAL,20,3.88173669
SN152,CORAL,20,6.039221296
SN152,CORAL,20,3.764249905
SN152,CORAL,20,4.282259822
SN152,CORAL,20,5.07262547
SN152,CORAL,20,4.522573702
SN152,CORAL,20,4.586657403
SN152,CORAL,20,4.565296169
SN152,CORAL,20,5.019222386
SN152,CORAL,20,7.032518664
SN152,CORAL,20,5.740164024
SN152,CORAL,20,3.700166203
SN152,CORAL,20,4.549275244
SN152,CORAL,20,7.790842461
SN152,CORAL,20,3.204185058
SN152,CORAL,20,3.177483516
SN152,CORAL,20,4.656748951
SN152,CORAL,20,4.341670754
SN152,CORAL,20,3.423137704
SN152,CORAL,20,4.266906436
SN152,CORAL,20,3.445166476
SN152,CORAL,20,2.836371315
SN152,CORAL,20,2.900455016
SN152,CORAL,20,3.584014495
SN152,CORAL,20,2.638779903
SN152,CORAL,20,18.86797722
SN152,CORAL,20,2.361083865
SN152,CORAL,20,2.008623508
SN152,CORAL,20,3.108727045
SN152,CORAL,20,3.108727045
SN152,CORAL,20,3.450506784
SN152,CORAL,25,1.479265435
SN152,CORAL,25,0.806386573
SN152,CORAL,25,2.296332625
SN152,CORAL,25,1.890469184
SN152,CORAL,25,1.233611247
SN152,CORAL,25,1.831725792
SN152,CORAL,25,1.644814996
SN152,CORAL,25,1.821045175
SN152,CORAL,25,2.344395401
SN152,CORAL,25,0.870470274
SN152,CORAL,25,0.672878862
SN152,CORAL,25,1.639474688
SN152,CORAL,25,1.036019835
SN152,CORAL,25,2.301672933
SN152,CORAL,25,1.388480192
SN152,CORAL,25,0.977276443
SN152,CORAL,25,0.720941638
SN152,CORAL,25,1.436542968
SN152,CORAL,25,0.870470274
SN152,CORAL,25,2.2803117
SN152,CORAL,25,2.248269849
SN152,CORAL,25,3.626069424
SN152,CORAL,25,2.883766552
iFAST,AMBER,-5,1.607379196
iFAST,AMBER,-5,1.275203198
iFAST,AMBER,-5,1.425409201
iFAST,AMBER,-5,1.312350919
iFAST,AMBER,-5,0.889728296
iFAST,AMBER,-5,1.036165689
iFAST,AMBER,-5,0.822700887
iFAST,AMBER,-5,0.878691654
iFAST,AMBER,-5,0.958370824
iFAST,AMBER,-5,0.921223103
iFAST,AMBER,-5,0.93414405
iFAST,AMBER,-5,1.116114045
iFAST,AMBER,-5,0.95567896
iFAST,AMBER,-5,1.134418719
iFAST,AMBER,-5,0.893227719
iFAST,AMBER,-5,1.021898811
iFAST,AMBER,-5,1.000902273
iFAST,AMBER,-5,1.008977864
iFAST,AMBER,-5,0.858098896
iFAST,AMBER,-5,0.846793068
iFAST,AMBER,-5,0.871019843
iFAST,AMBER,-5,0.933471084
iFAST,AMBER,-5,0.791340673
iFAST,AMBER,-5,0.912474546
iFAST,AMBER,-5,0.89578499
iFAST,AMBER,-5,0.869404724
iFAST,AMBER,-5,0.829026767
iFAST,AMBER,2,10.61982159
iFAST,AMBER,2,7.750833107
iFAST,AMBER,2,10.37109337
iFAST,AMBER,2,6.784453988
iFAST,AMBER,2,10.06637438
iFAST,AMBER,2,9.068231271
iFAST,AMBER,2,8.225677889
iFAST,AMBER,2,9.611449394
iFAST,AMBER,2,13.71115802
iFAST,AMBER,2,5.740309913
iFAST,AMBER,2,6.758372818
iFAST,AMBER,2,14.85711437
iFAST,AMBER,5,5.679967299
iFAST,AMBER,5,7.431293914
iFAST,AMBER,5,7.582038289
iFAST,AMBER,5,4.39864011
iFAST,AMBER,5,6.135430661
iFAST,AMBER,5,7.689712843
iFAST,AMBER,5,6.500985771
iFAST,AMBER,5,7.741665815
iFAST,AMBER,5,7.134381332
iFAST,AMBER,5,11.45105419
iFAST,AMBER,5,11.41821345
iFAST,AMBER,5,20.78879337
iFAST,AMBER,5,15.06319898
iFAST,AMBER,5,12.6825146
iFAST,AMBER,5,18.67029653
iFAST,AMBER,5,19.89078759
iFAST,AMBER,5,19.81110842
iFAST,AMBER,5,19.83856544
iFAST,AMBER,5,11.60576906
iFAST,AMBER,5,20.03453312
iFAST,AMBER,5,17.37874026
iFAST,AMBER,5,14.97167561
iFAST,AMBER,5,12.70943324
iFAST,AMBER,10,4.686063872
iFAST,AMBER,10,3.943647824
iFAST,AMBER,10,5.395639181
iFAST,AMBER,10,3.570555496
iFAST,AMBER,10,4.976785167
iFAST,AMBER,10,4.352811128
iFAST,AMBER,10,5.20882383
iFAST,AMBER,10,5.767654763
iFAST,AMBER,10,5.391332198
iFAST,AMBER,10,7.648190843
iFAST,AMBER,10,5.362798442
iFAST,AMBER,10,6.419085813
iFAST,AMBER,10,4.436258907
iFAST,AMBER,10,4.074472407
iFAST,AMBER,10,3.430915059
iFAST,AMBER,10,3.117582108
iFAST,AMBER,10,3.540743104
iFAST,AMBER,10,3.190262432
iFAST,AMBER,10,3.997283211
iFAST,AMBER,10,3.716252626
iFAST,AMBER,10,2.843011996
iFAST,AMBER,10,2.964684242
iFAST,AMBER,10,3.47775349
iFAST,AMBER,10,3.122427463
iFAST,AMBER,10,3.790009696
iFAST,AMBER,10,3.61773041
iFAST,AMBER,10,3.75393872
iFAST,AMBER,10,5.514417673
iFAST,AMBER,10,8.383944528
iFAST,AMBER,10,5.188702148
iFAST,AMBER,10,4.997041442
iFAST,AMBER,10,3.248406691
iFAST,AMBER,10,3.682873515
iFAST,AMBER,10,4.291773116
iFAST,AMBER,10,4.655713107
iFAST,AMBER,10,3.834156263
iFAST,AMBER,15,3.479099422
iFAST,AMBER,15,2.106787236
iFAST,AMBER,15,2.64246814
iFAST,AMBER,15,2.986488339
iFAST,AMBER,15,4.064310621
iFAST,AMBER,15,3.28043987
iFAST,AMBER,15,2.825514881
iFAST,AMBER,15,3.236293303
iFAST,AMBER,15,3.860267342
iFAST,AMBER,15,3.463486612
iFAST,AMBER,15,2.895503341
iFAST,AMBER,15,3.03036572
iFAST,AMBER,15,5.744841217
iFAST,AMBER,15,2.518373217
iFAST,AMBER,15,4.005358803
iFAST,AMBER,15,3.395382457
iFAST,AMBER,15,2.970606342
iFAST,AMBER,15,2.591591913
iFAST,AMBER,15,3.050285512
iFAST,AMBER,15,2.220653076
iFAST,AMBER,15,3.558509405
iFAST,AMBER,15,3.641957184
iFAST,AMBER,15,4.05542747
iFAST,AMBER,15,4.304155689
iFAST,AMBER,15,3.052977376
iFAST,AMBER,20,1.848839383
iFAST,AMBER,20,1.633490276
iFAST,AMBER,20,2.025964024
iFAST,AMBER,20,1.874142903
iFAST,AMBER,20,2.427590109
iFAST,AMBER,20,1.874681276
iFAST,AMBER,20,2.295150408
iFAST,AMBER,20,2.050190798
iFAST,AMBER,20,2.090568756
iFAST,AMBER,20,2.031886124
iFAST,AMBER,20,2.779685899
iFAST,AMBER,20,2.392057506
iFAST,AMBER,20,7.788167763
iFAST,AMBER,20,1.344451396
iFAST,AMBER,20,1.58833426
iFAST,AMBER,20,1.835985733
iFAST,AMBER,20,1.710006505
iFAST,AMBER,20,2.055641823
iFAST,AMBER,20,2.284450249
iFAST,AMBER,20,1.364371188
iFAST,AMBER,20,1.469892251
iFAST,AMBER,20,1.996959191
iFAST,AMBER,20,1.615791271
iFAST,AMBER,20,2.259685102
iFAST,AMBER,20,1.616868016
iFAST,AMBER,20,1.937199814
iFAST,AMBER,20,2.024954575
iFAST,AMBER,20,2.459959772
iFAST,AMBER,20,3.121081531
iFAST,AMBER,20,2.809902071
iFAST,AMBER,20,2.113247709
iFAST,AMBER,20,1.682011121
iFAST,AMBER,20,1.523191155
iFAST,AMBER,20,1.620098253
iFAST,AMBER,20,1.805836858
iFAST,AMBER,20,1.516730682
iFAST,AMBER,20,1.587795887
iFAST,AMBER,20,1.792915912
iFAST,AMBER,20,2.036798776
iFAST,AMBER,20,2.682307725
iFAST,AMBER,20,3.394574897
iFAST,AMBER,20,2.128322146
iFAST,AMBER,20,1.68954834
iFAST,AMBER,20,1.287383882
iFAST,AMBER,20,2.310830515
iFAST,AMBER,20,1.989960345
iFAST,AMBER,20,1.997497564
iFAST,AMBER,20,1.952072361
iFAST,AMBER,20,2.880227014
iFAST,AMBER,20,1.861087363
iFAST,AMBER,20,2.262175076
iFAST,AMBER,20,2.660032552
iFAST,AMBER,20,2.172266824
iFAST,AMBER,20,1.636047546
iFAST,AMBER,20,1.500915981
iFAST,AMBER,20,1.71464997
iFAST,AMBER,20,1.541293939
iFAST,AMBER,20,2.198647089
iFAST,AMBER,20,1.470767106
iFAST,AMBER,20,1.948842125
iFAST,AMBER,20,1.272645928
iFAST,AMBER,25,7.684665598
iFAST,AMBER,25,6.0318612
iFAST,AMBER,25,8.5466004
iFAST,AMBER,25,1.695806924
iFAST,AMBER,25,3.413216054
iFAST,AMBER,25,8.080369583
iFAST,AMBER,25,4.324210075
iFAST,AMBER,25,3.982343367
iFAST,AMBER,25,1.827775548
iFAST,AMBER,25,3.29053436
iFAST,AMBER,25,2.122803825
iFAST,AMBER,25,4.079788838
iFAST,AMBER,25,6.031390123
iFAST,AMBER,25,3.225929628
iFAST,AMBER,25,3.319606489
iFAST,AMBER,25,2.247227754
iFAST,AMBER,25,2.22300098
iFAST,AMBER,25,3.183457998
iFAST,AMBER,25,4.484166606
iFAST,AMBER,25,5.121599964
iFAST,AMBER,25,2.433504732
iFAST,AMBER,25,2.26391731
iFAST,AMBER,25,2.306448759
iFAST,AMBER,25,2.36513139
iFAST,AMBER,25,2.548178132
iFAST,AMBER,25,2.100790361
SN152,AMBER,-5,0.719652826
SN152,AMBER,-5,0.847521314
SN152,AMBER,-5,0.787849353
SN152,AMBER,-5,0.88879816
SN152,AMBER,-5,0.896874064
SN152,AMBER,-5,2.146844621
SN152,AMBER,-5,0.825985569
SN152,AMBER,-5,0.673889367
SN152,AMBER,-5,0.986606337
SN152,AMBER,-5,0.835856119
SN152,AMBER,-5,0.869505721
SN152,AMBER,-5,0.895976741
SN152,AMBER,-5,0.913923196
SN152,AMBER,-5,2.215994553
SN152,AMBER,-5,2.323224619
SN152,AMBER,-5,1.032425878
SN152,AMBER,-5,0.974548563
SN152,AMBER,-5,0.987559742
SN152,AMBER,-5,1.231631523
SN152,AMBER,-5,0.953012817
SN152,AMBER,-5,0.847128736
SN152,AMBER,-5,0.87494574
SN152,AMBER,-5,0.967818642
SN152,AMBER,-5,1.132477362
SN152,AMBER,-5,0.937758331
SN152,AMBER,-5,1.060691544
SN152,AMBER,-5,1.080432644
SN152,AMBER,-5,1.03960446
SN152,AMBER,-5,0.996084308
SN152,AMBER,-5,1.106455003
SN152,AMBER,-5,0.907249358
SN152,AMBER,-5,0.802711261
SN152,AMBER,-5,1.016274069
SN152,AMBER,-5,0.954807463
SN152,AMBER,-5,0.885208869
SN152,AMBER,-5,0.705744324
SN152,AMBER,-5,0.984811691
SN152,AMBER,-5,0.98436303
SN152,AMBER,-5,1.010385389
SN152,AMBER,-5,0.874889657
SN152,AMBER,-5,0.811179744
SN152,AMBER,-5,0.817012342
SN152,AMBER,-5,0.948918782
SN152,AMBER,-5,0.878478948
SN152,AMBER,-5,0.900463355
SN152,AMBER,-5,0.95161075
SN152,AMBER,-5,0.588643708
SN152,AMBER,-5,1.034164441
SN152,AMBER,-5,0.845726669
SN152,AMBER,-5,1.046278298
SN152,AMBER,2,2.794038636
SN152,AMBER,2,5.034204821
SN152,AMBER,2,5.880380151
SN152,AMBER,2,3.683285457
SN152,AMBER,2,2.685911248
SN152,AMBER,2,2.702511718
SN152,AMBER,2,3.141751193
SN152,AMBER,2,3.957866211
SN152,AMBER,2,4.723731158
SN152,AMBER,2,2.05778534
SN152,AMBER,2,2.045222822
SN152,AMBER,2,3.528497287
SN152,AMBER,2,3.852879453
SN152,AMBER,2,3.875312521
SN152,AMBER,2,4.42178206
SN152,AMBER,2,5.975945021
SN152,AMBER,2,5.457292486
SN152,AMBER,2,2.80166588
SN152,AMBER,2,2.86425414
SN152,AMBER,2,2.478405368
SN152,AMBER,2,3.157678671
SN152,AMBER,2,2.729655731
SN152,AMBER,2,3.533656893
SN152,AMBER,2,3.290482434
SN152,AMBER,2,3.335348571
SN152,AMBER,2,2.685686917
SN152,AMBER,2,2.822079972
SN152,AMBER,2,3.555192638
SN152,AMBER,5,7.063444082
SN152,AMBER,5,6.849432612
SN152,AMBER,5,8.302646766
SN152,AMBER,5,2.442232045
SN152,AMBER,5,2.374035518
SN152,AMBER,5,8.300403459
SN152,AMBER,5,6.834178125
SN152,AMBER,5,4.903588281
SN152,AMBER,5,3.290875013
SN152,AMBER,5,7.459836396
SN152,AMBER,5,6.318441889
SN152,AMBER,5,5.613146227
SN152,AMBER,5,6.046104442
SN152,AMBER,5,2.12099051
SN152,AMBER,5,1.797057006
SN152,AMBER,5,1.415694847
SN152,AMBER,5,1.523822236
SN152,AMBER,5,2.002992571
SN152,AMBER,5,1.244306207
SN152,AMBER,5,1.189569521
SN152,AMBER,5,1.276161164
SN152,AMBER,5,1.480750745
SN152,AMBER,5,2.251102305
SN152,AMBER,5,1.184185584
SN152,AMBER,5,1.583494197
SN152,AMBER,5,2.055934612
SN152,AMBER,5,1.343909029
SN152,AMBER,5,1.222770461
SN152,AMBER,10,2.296597813
SN152,AMBER,10,1.496185942
SN152,AMBER,10,1.374150052
SN152,AMBER,10,1.675650487
SN152,AMBER,10,2.619633995
SN152,AMBER,10,3.214558962
SN152,AMBER,10,1.35710092
SN152,AMBER,10,10.56031074
SN152,AMBER,10,11.71471643
SN152,AMBER,10,8.827131899
SN152,AMBER,10,6.353213144
SN152,AMBER,10,11.19920452
SN152,AMBER,10,8.461472888
SN152,AMBER,10,9.073446987
SN152,AMBER,10,3.584075214
SN152,AMBER,10,8.192107822
SN152,AMBER,10,6.448161105
SN152,AMBER,10,6.873492077
SN152,AMBER,10,7.485914837
SN152,AMBER,10,6.953802461
SN152,AMBER,10,7.28940116
SN152,AMBER,15,1.143525648
SN152,AMBER,15,1.920158467
SN152,AMBER,15,1.178521235
SN152,AMBER,15,1.234603905
SN152,AMBER,15,0.682301767
SN152,AMBER,15,1.323438855
SN152,AMBER,15,1.182559187
SN152,AMBER,15,1.211273514
SN152,AMBER,15,1.579119749
SN152,AMBER,15,1.448110631
SN152,AMBER,15,1.17128657
SN152,AMBER,15,1.712820835
SN152,AMBER,15,1.307230963
SN152,AMBER,15,1.138534291
SN152,AMBER,15,1.16455665
SN152,AMBER,15,1.664365408
SN152,AMBER,15,1.210320109
SN152,AMBER,15,1.266402779
SN152,AMBER,15,1.284349234
SN152,AMBER,15,1.420181461
SN152,AMBER,15,1.391915795
SN152,AMBER,15,1.356022886
SN152,AMBER,15,1.428257366
SN152,AMBER,15,3.066768662
SN152,AMBER,15,1.798851651
SN152,AMBER,15,1.559715145
SN152,AMBER,20,3.792814913
SN152,AMBER,20,2.191542509
SN152,AMBER,20,9.499787447
SN152,AMBER,20,7.079708056
SN152,AMBER,20,1.104436027
SN152,AMBER,20,1.726729337
SN152,AMBER,20,7.015549481
SN152,AMBER,20,7.100346479
SN152,AMBER,20,6.803332657
SN152,AMBER,20,6.906076109
SN152,AMBER,20,4.975654513
SN152,AMBER,20,7.246778331
SN152,AMBER,20,7.314077535
SN152,AMBER,20,5.650441202
SN152,AMBER,20,8.017129891
SN152,AMBER,20,2.566286912
SN152,AMBER,20,8.820177647
SN152,AMBER,20,3.043662602
SN152,AMBER,20,7.994192079
SN152,AMBER,20,8.188462449
SN152,AMBER,20,6.80613679
SN152,AMBER,20,7.34273578
SN152,AMBER,25,0.703388851
SN152,AMBER,25,0.855485053
SN152,AMBER,25,0.572828395
SN152,AMBER,25,1.028668339
SN152,AMBER,25,0.857279699
SN152,AMBER,25,0.716400031
SN152,AMBER,25,0.770688056
SN152,AMBER,25,1.545526229
SN152,AMBER,25,1.273637443
SN152,AMBER,25,0.681404445
SN152,AMBER,25,0.632051695
SN152,AMBER,25,0.719989322
SN152,AMBER,25,0.628462404
SN152,AMBER,25,0.689031688
SN152,AMBER,25,0.971688346
SN152,AMBER,25,0.824976081
SN152,AMBER,25,0.853241747
SN152,AMBER,25,0.917400321
SN152,AMBER,25,1.316260273
SN152,AMBER,25,0.689929011
SN152,AMBER,25,0.770688056
SN152,AMBER,25,4.268171626
SN152,AMBER,25,5.024166023
SN152,AMBER,25,7.151269543
SN152,AMBER,25,7.536669654
SN152,AMBER,25,6.796827067
SN152,AMBER,25,7.356756448
SN152,AMBER,25,8.09166376
SN152,AMBER,25,7.855219222
SN152,AMBER,25,3.653056898
SN152,AMBER,25,2.084088113
SN152,AMBER,25,1.134720669
SN152,AMBER,25,2.028454104
SN152,AMBER,25,1.722915716
SN152,AMBER,25,1.258999867
SN152,AMBER,25,4.685426694
SN152,AMBER,25,7.25221835
SN152,AMBER,25,8.039619042
SN152,AMBER,25,2.197599437
SN152,AMBER,25,6.892840598
SN152,AMBER,25,3.666068078
SN152,AMBER,25,1.346937494
SN152,AMBER,25,8.254079173
SN152,AMBER,25,1.970128126
SN152,AMBER,25,1.370716546
SN152,AMBER,25,1.665487061
SN152,AMBER,25,7.886625517
SN152,AMBER,25,7.634477831
SN152,AMBER,25,2.055373785
SN152,AMBER,25,1.244642703
SN152,AMBER,25,1.8032261
SN152,AMBER,25,1.372959853
SN152,AMBER,25,7.090700259
SN152,AMBER,25,6.415464909
SN152,AMBER,25,7.490906195
SN152,AMBER,25,6.481418129
SN152,AMBER,25,3.37398953
SN152,AMBER,25,1.513839521
SN152,AMBER,25,1.664589738
SN152,AMBER,25,1.565884239
SN152,AMBER,25,1.18452208
SN152,AMBER,25,1.342002219
SN152,AMBER,25,1.096135792
SN152,AMBER,25,1.274254353
SN152,AMBER,25,0.889751565
SN152,AMBER,25,2.034286701
SN152,AMBER,25,1.097930437
SN152,AMBER,25,1.443848348
SN152,AMBER,25,1.363986625
SN152,AMBER,25,1.182727435
SN152,AMBER,25,0.932374394
SN152,AMBER,25,1.330337023
SN152,AMBER,25,1.002814228
SN152,AMBER,25,0.958396753
